,Date,State,Total_cases,Total_death,Total_recovered,Death_percent,Recovery_percent
0,2020-01,AK,0.0,0.0,0.0,0.0,0.0
1,2020-01,AL,0.0,0.0,0.0,0.0,0.0
2,2020-01,AR,0.0,0.0,0.0,0.0,0.0
3,2020-01,AS,0.0,0.0,0.0,0.0,0.0
4,2020-01,AZ,0.6,0.0,0.6,0.0,100.0
5,2020-01,CA,0.0,0.0,0.0,0.0,0.0
6,2020-01,CO,0.0,0.0,0.0,0.0,0.0
7,2020-01,CT,0.0,0.0,0.0,0.0,0.0
8,2020-01,DC,0.0,0.0,0.0,0.0,0.0
9,2020-01,DE,0.0,0.0,0.0,0.0,0.0
10,2020-01,FL,0.0,0.0,0.0,0.0,0.0
11,2020-01,FSM,0.0,0.0,0.0,0.0,0.0
12,2020-01,GA,0.0,0.0,0.0,0.0,0.0
13,2020-01,GU,0.0,0.0,0.0,0.0,0.0
14,2020-01,HI,0.0,0.0,0.0,0.0,0.0
15,2020-01,IA,0.0,0.0,0.0,0.0,0.0
16,2020-01,ID,0.0,0.0,0.0,0.0,0.0
17,2020-01,IL,0.9,0.0,0.9,0.0,100.0
18,2020-01,IN,0.0,0.0,0.0,0.0,0.0
19,2020-01,KS,0.0,0.0,0.0,0.0,0.0
20,2020-01,KY,0.0,0.0,0.0,0.0,0.0
21,2020-01,LA,0.0,0.0,0.0,0.0,0.0
22,2020-01,MA,0.0,0.0,0.0,0.0,0.0
23,2020-01,MD,0.0,0.0,0.0,0.0,0.0
24,2020-01,ME,0.0,0.0,0.0,0.0,0.0
25,2020-01,MI,0.0,0.0,0.0,0.0,0.0
26,2020-01,MN,0.0,0.0,0.0,0.0,0.0
27,2020-01,MO,0.0,0.0,0.0,0.0,0.0
28,2020-01,MP,0.0,0.0,0.0,0.0,0.0
29,2020-01,MS,0.0,0.0,0.0,0.0,0.0
30,2020-01,MT,0.0,0.0,0.0,0.0,0.0
31,2020-01,NC,0.0,0.0,0.0,0.0,0.0
32,2020-01,ND,0.0,0.0,0.0,0.0,0.0
33,2020-01,NE,0.0,0.0,0.0,0.0,0.0
34,2020-01,NH,0.0,0.0,0.0,0.0,0.0
35,2020-01,NJ,0.0,0.0,0.0,0.0,0.0
36,2020-01,NM,0.0,0.0,0.0,0.0,0.0
37,2020-01,NV,0.0,0.0,0.0,0.0,0.0
38,2020-01,NY,0.0,0.0,0.0,0.0,0.0
39,2020-01,NYC,0.0,0.0,0.0,0.0,0.0
40,2020-01,OH,0.0,0.0,0.0,0.0,0.0
41,2020-01,OK,0.0,0.0,0.0,0.0,0.0
42,2020-01,OR,0.0,0.0,0.0,0.0,0.0
43,2020-01,PA,0.0,0.0,0.0,0.0,0.0
44,2020-01,PR,0.0,0.0,0.0,0.0,0.0
45,2020-01,PW,0.0,0.0,0.0,0.0,0.0
46,2020-01,RI,0.0,0.0,0.0,0.0,0.0
47,2020-01,RMI,0.0,0.0,0.0,0.0,0.0
48,2020-01,SC,0.0,0.0,0.0,0.0,0.0
49,2020-01,SD,0.0,0.0,0.0,0.0,0.0
50,2020-01,TN,0.0,0.0,0.0,0.0,0.0
51,2020-01,TX,0.0,0.0,0.0,0.0,0.0
52,2020-01,UT,0.0,0.0,0.0,0.0,0.0
53,2020-01,VA,0.0,0.0,0.0,0.0,0.0
54,2020-01,VI,0.0,0.0,0.0,0.0,0.0
55,2020-01,VT,0.0,0.0,0.0,0.0,0.0
56,2020-01,WA,0.9,0.0,0.9,0.0,100.0
57,2020-01,WI,0.0,0.0,0.0,0.0,0.0
58,2020-01,WV,0.0,0.0,0.0,0.0,0.0
59,2020-01,WY,0.0,0.0,0.0,0.0,0.0
60,2020-02,AK,0.0,0.0,0.0,0.0,0.0
61,2020-02,AL,0.0,0.1,-0.1,inf,-inf
62,2020-02,AR,0.0,0.0,0.0,0.0,0.0
63,2020-02,AS,0.0,0.0,0.0,0.0,0.0
64,2020-02,AZ,1.0,0.0,1.0,0.0,100.0
65,2020-02,CA,13.34,0.0,13.34,0.0,100.0
66,2020-02,CO,0.0,0.0,0.0,0.0,0.0
67,2020-02,CT,0.0,0.0,0.0,0.0,0.0
68,2020-02,DC,0.0,0.0,0.0,0.0,0.0
69,2020-02,DE,0.0,0.0,0.0,0.0,0.0
70,2020-02,FL,0.0,0.0,0.0,0.0,0.0
71,2020-02,FSM,0.0,0.0,0.0,0.0,0.0
72,2020-02,GA,0.07,0.0,0.07,0.0,100.0
73,2020-02,GU,0.0,0.0,0.0,0.0,0.0
74,2020-02,HI,0.0,0.0,0.0,0.0,0.0
75,2020-02,IA,0.0,0.0,0.0,0.0,0.0
76,2020-02,ID,0.0,0.0,0.0,0.0,0.0
77,2020-02,IL,2.0,0.0,2.0,0.0,100.0
78,2020-02,IN,0.0,0.0,0.0,0.0,0.0
79,2020-02,KS,0.0,0.0,0.0,0.0,0.0
80,2020-02,KY,0.0,0.0,0.0,0.0,0.0
81,2020-02,LA,0.0,0.0,0.0,0.0,0.0
82,2020-02,MA,1.0,0.0,1.0,0.0,100.0
83,2020-02,MD,0.0,0.0,0.0,0.0,0.0
84,2020-02,ME,0.0,0.0,0.0,0.0,0.0
85,2020-02,MI,0.0,0.0,0.0,0.0,0.0
86,2020-02,MN,0.0,0.0,0.0,0.0,0.0
87,2020-02,MO,0.0,0.0,0.0,0.0,0.0
88,2020-02,MP,0.0,0.0,0.0,0.0,0.0
89,2020-02,MS,0.0,0.0,0.0,0.0,0.0
90,2020-02,MT,0.0,0.0,0.0,0.0,0.0
91,2020-02,NC,0.0,0.0,0.0,0.0,0.0
92,2020-02,ND,0.0,0.0,0.0,0.0,0.0
93,2020-02,NE,0.0,0.0,0.0,0.0,0.0
94,2020-02,NH,0.0,0.0,0.0,0.0,0.0
95,2020-02,NJ,0.0,0.0,0.0,0.0,0.0
96,2020-02,NM,0.0,0.0,0.0,0.0,0.0
97,2020-02,NV,0.0,0.0,0.0,0.0,0.0
98,2020-02,NY,0.0,0.0,0.0,0.0,0.0
99,2020-02,NYC,0.0,0.0,0.0,0.0,0.0
100,2020-02,OH,0.0,0.0,0.0,0.0,0.0
101,2020-02,OK,5.62,0.0,5.62,0.0,100.0
102,2020-02,OR,0.03,0.0,0.03,0.0,100.0
103,2020-02,PA,0.0,0.0,0.0,0.0,0.0
104,2020-02,PR,0.0,0.0,0.0,0.0,0.0
105,2020-02,PW,0.0,0.0,0.0,0.0,0.0
106,2020-02,RI,0.0,0.0,0.0,0.0,0.0
107,2020-02,RMI,0.0,0.0,0.0,0.0,0.0
108,2020-02,SC,0.0,0.0,0.0,0.0,0.0
109,2020-02,SD,0.0,0.0,0.0,0.0,0.0
110,2020-02,TN,0.0,0.0,0.0,0.0,0.0
111,2020-02,TX,0.0,0.0,0.0,0.0,0.0
112,2020-02,UT,0.0,0.0,0.0,0.0,0.0
113,2020-02,VA,0.0,0.0,0.0,0.0,0.0
114,2020-02,VI,0.0,0.0,0.0,0.0,0.0
115,2020-02,VT,0.0,0.0,0.0,0.0,0.0
116,2020-02,WA,1.0,0.03,0.97,3.0,97.0
117,2020-02,WI,0.0,0.0,0.0,0.0,0.0
118,2020-02,WV,0.0,0.0,0.0,0.0,0.0
119,2020-02,WY,0.0,0.0,0.0,0.0,0.0
120,2020-03,AK,25.58,1.16,24.42,4.53,95.47
121,2020-03,AL,215.68,7.87,207.81,3.65,96.35
122,2020-03,AR,127.48,1.16,126.32,0.91,99.09
123,2020-03,AS,0.0,0.0,0.0,0.0,0.0
124,2020-03,AZ,219.55,3.68,215.87,1.68,98.32
125,2020-03,CA,1571.48,32.48,1539.0,2.07,97.93
126,2020-03,CO,588.03,10.52,577.52,1.79,98.21
127,2020-03,CT,470.61,9.1,461.52,1.93,98.07
128,2020-03,DC,107.81,1.61,106.19,1.49,98.5
129,2020-03,DE,77.52,1.03,76.48,1.33,98.66
130,2020-03,FL,1126.16,31.71,1094.45,2.82,97.18
131,2020-03,FSM,0.0,0.0,0.0,0.0,0.0
132,2020-03,GA,814.42,23.26,791.16,2.86,97.14
133,2020-03,GU,17.03,0.35,16.68,2.06,97.94
134,2020-03,HI,61.1,0.03,61.06,0.05,99.93
135,2020-03,IA,89.94,0.81,89.13,0.9,99.1
136,2020-03,ID,75.61,1.1,74.52,1.45,98.56
137,2020-03,IL,1065.61,13.45,1052.16,1.26,98.74
138,2020-03,IN,324.16,4.77,319.39,1.47,98.53
139,2020-03,KS,74.16,1.74,72.42,2.35,97.65
140,2020-03,KY,146.84,3.45,143.39,2.35,97.65
141,2020-03,LA,941.29,37.29,904.0,3.96,96.04
142,2020-03,MA,1108.19,21.26,1086.94,1.92,98.08
143,2020-03,MD,305.03,5.68,299.35,1.86,98.14
144,2020-03,ME,69.48,0.48,69.0,0.69,99.31
145,2020-03,MI,5840.81,78.06,5762.74,1.34,98.66
146,2020-03,MN,158.42,1.81,156.61,1.14,98.86
147,2020-03,MO,516.74,5.58,511.16,1.08,98.92
148,2020-03,MP,0.13,0.0,0.13,0.0,100.0
149,2020-03,MS,692.58,51.0,641.58,7.36,92.64
150,2020-03,MT,38.9,0.45,38.45,1.16,98.84
151,2020-03,NC,272.68,2.03,270.65,0.74,99.26
152,2020-03,ND,25.39,0.29,25.1,1.14,98.86
153,2020-03,NE,39.71,0.35,39.35,0.88,99.09
154,2020-03,NH,71.87,0.55,71.32,0.77,99.23
155,2020-03,NJ,2983.03,37.45,2945.58,1.26,98.74
156,2020-03,NM,63.61,0.52,63.1,0.82,99.2
157,2020-03,NV,212.84,4.35,208.48,2.04,97.95
158,2020-03,NY,6323.03,30.26,6292.77,0.48,99.52
159,2020-03,NYC,12747.74,230.23,12517.52,1.81,98.19
160,2020-03,OH,388.84,6.87,381.97,1.77,98.23
161,2020-03,OK,581.55,6.19,575.35,1.06,98.93
162,2020-03,OR,148.45,4.1,144.35,2.76,97.24
163,2020-03,PA,788.03,8.0,780.03,1.02,98.98
164,2020-03,PR,8.26,0.45,7.81,5.45,94.55
165,2020-03,PW,0.0,0.0,0.0,0.0,0.0
166,2020-03,RI,90.52,0.97,89.55,1.07,98.93
167,2020-03,RMI,0.0,0.0,0.0,0.0,0.0
168,2020-03,SC,190.52,2.23,188.29,1.17,98.83
169,2020-03,SD,23.0,0.68,22.32,2.96,97.04
170,2020-03,TN,344.77,1.45,343.32,0.42,99.58
171,2020-03,TX,548.48,16.48,532.0,3.0,97.0
172,2020-03,UT,177.9,0.74,177.16,0.42,99.58
173,2020-03,VA,246.55,5.74,240.81,2.33,97.67
174,2020-03,VI,7.52,0.0,7.52,0.0,100.0
175,2020-03,VT,53.42,3.26,50.16,6.1,93.9
176,2020-03,WA,1450.48,72.94,1377.55,5.03,94.97
177,2020-03,WI,287.26,3.35,283.9,1.17,98.83
178,2020-03,WV,28.06,0.1,27.97,0.36,99.68
179,2020-03,WY,23.84,0.0,23.84,0.0,100.0
180,2020-04,AK,276.33,8.37,267.97,3.03,96.97
181,2020-04,AL,4237.83,207.53,4030.3,4.9,95.1
182,2020-04,AR,1770.57,33.6,1736.97,1.9,98.1
183,2020-04,AS,0.0,0.0,0.0,0.0,0.0
184,2020-04,AZ,4288.47,158.3,4130.17,3.69,96.31
185,2020-04,CA,26912.03,917.6,25994.43,3.41,96.59
186,2020-04,CO,8964.57,390.1,8574.47,4.35,95.65
187,2020-04,CT,15559.9,989.47,14570.43,6.36,93.64
188,2020-04,DC,2365.0,88.37,2276.63,3.74,96.26
189,2020-04,DE,2455.5,63.17,2392.33,2.57,97.43
190,2020-04,FL,21763.3,814.07,20949.23,3.74,96.26
191,2020-04,FSM,0.0,0.0,0.0,0.0,0.0
192,2020-04,GA,15103.9,603.2,14500.7,3.99,96.01
193,2020-04,GU,127.6,4.6,123.0,3.61,96.39
194,2020-04,HI,516.73,9.2,507.53,1.78,98.22
195,2020-04,IA,2787.27,65.2,2722.07,2.34,97.66
196,2020-04,ID,1526.73,36.57,1490.17,2.4,97.61
197,2020-04,IL,26743.9,1080.33,25663.57,4.04,95.96
198,2020-04,IN,9653.93,495.23,9158.7,5.13,94.87
199,2020-04,KS,1828.33,73.8,1754.53,4.04,95.96
200,2020-04,KY,2554.9,142.43,2412.47,5.57,94.43
201,2020-04,LA,20850.3,1091.63,19758.67,5.24,94.76
202,2020-04,MA,32613.5,1853.57,30759.93,5.68,94.32
203,2020-04,MD,11389.5,538.07,10851.43,4.72,95.28
204,2020-04,ME,748.77,28.2,720.57,3.77,96.23
205,2020-04,MI,37841.0,2694.13,35146.87,7.12,92.88
206,2020-04,MN,2273.47,133.57,2139.9,5.88,94.12
207,2020-04,MO,5644.77,241.1,5403.67,4.27,95.73
208,2020-04,MP,11.43,1.7,9.73,14.87,85.13
209,2020-04,MS,5097.37,355.3,4742.07,6.97,93.03
210,2020-04,MT,388.2,9.47,378.73,2.44,97.56
211,2020-04,NC,5671.67,192.73,5478.93,3.4,96.6
212,2020-04,ND,494.17,9.8,484.37,1.98,98.02
213,2020-04,NE,1494.4,28.63,1465.77,1.92,98.08
214,2020-04,NH,1226.3,33.63,1192.67,2.74,97.26
215,2020-04,NJ,72888.47,3423.53,69464.93,4.7,95.3
216,2020-04,NM,1647.3,49.07,1598.23,2.98,97.02
217,2020-04,NV,3241.13,136.13,3105.0,4.2,95.8
218,2020-04,NY,93130.87,2983.63,90147.23,3.2,96.8
219,2020-04,NYC,126771.13,11383.27,115387.87,8.98,91.02
220,2020-04,OH,9569.0,416.87,9152.13,4.36,95.64
221,2020-04,OK,3038.07,141.37,2896.7,4.65,95.35
222,2020-04,OR,1682.7,60.93,1621.77,3.62,96.38
223,2020-04,PA,27525.27,879.17,26646.1,3.19,96.81
224,2020-04,PR,536.97,44.4,492.57,8.27,91.73
225,2020-04,PW,0.0,0.0,0.0,0.0,0.0
226,2020-04,RI,4099.2,140.7,3958.5,3.43,96.57
227,2020-04,RMI,0.0,0.0,0.0,0.0,0.0
228,2020-04,SC,3713.07,96.83,3616.23,2.61,97.39
229,2020-04,SD,1213.6,7.07,1206.53,0.58,99.42
230,2020-04,TN,6193.07,116.53,6076.53,1.88,98.12
231,2020-04,TX,15841.33,541.17,15300.17,3.42,96.58
232,2020-04,UT,2788.83,24.73,2764.1,0.89,99.11
233,2020-04,VA,7873.0,249.7,7623.3,3.17,96.83
234,2020-04,VI,50.83,1.93,48.9,3.8,96.2
235,2020-04,VT,657.5,33.5,624.0,5.1,94.9
236,2020-04,WA,10573.8,557.37,10016.43,5.27,94.73
237,2020-04,WI,3958.23,177.43,3780.8,4.48,95.52
238,2020-04,WV,707.1,17.03,690.07,2.41,97.59
239,2020-04,WY,361.4,2.73,358.67,0.76,99.24
240,2020-05,AK,395.74,10.68,385.06,2.7,97.3
241,2020-05,AL,12155.68,636.9,11518.77,5.24,94.76
242,2020-05,AR,4846.23,101.26,4744.97,2.09,97.91
243,2020-05,AS,0.0,0.0,0.0,0.0,0.0
244,2020-05,AZ,13455.13,640.61,12814.52,4.76,95.24
245,2020-05,CA,77587.06,3041.74,74545.32,3.92,96.08
246,2020-05,CO,21771.65,1148.26,20623.39,5.27,94.73
247,2020-05,CT,36265.1,3260.42,33004.68,8.99,91.01
248,2020-05,DC,6938.9,364.39,6574.52,5.25,94.75
249,2020-05,DE,7804.06,274.68,7529.39,3.52,96.48
250,2020-05,FL,44211.77,2127.0,42084.77,4.81,95.19
251,2020-05,FSM,0.0,0.0,0.0,0.0,0.0
252,2020-05,GA,35399.71,1591.35,33808.35,4.5,95.5
253,2020-05,GU,158.23,5.0,153.23,3.16,96.84
254,2020-05,HI,627.77,16.94,610.84,2.7,97.3
255,2020-05,IA,14198.61,345.9,13852.71,2.44,97.56
256,2020-05,ID,2420.26,73.06,2347.19,3.02,96.98
257,2020-05,IL,90881.55,4007.45,86874.1,4.41,95.59
258,2020-05,IN,27040.81,1690.87,25349.94,6.25,93.75
259,2020-05,KS,7637.65,169.42,7468.23,2.22,97.78
260,2020-05,KY,7777.81,398.97,7378.84,5.13,94.87
261,2020-05,LA,34218.61,2441.32,31777.29,7.13,92.87
262,2020-05,MA,83309.52,6020.84,77288.68,7.23,92.77
263,2020-05,MD,38994.32,2042.81,36951.52,5.24,94.76
264,2020-05,ME,1709.84,71.0,1638.84,4.15,95.85
265,2020-05,MI,78805.45,5382.87,73422.58,6.83,93.17
266,2020-05,MN,15463.74,715.26,14748.48,4.63,95.37
267,2020-05,MO,11360.94,723.1,10637.84,6.36,93.64
268,2020-05,MP,18.74,2.0,16.74,10.67,89.33
269,2020-05,MS,12885.87,820.39,12065.48,6.37,93.63
270,2020-05,MT,471.61,16.19,455.42,3.43,96.57
271,2020-05,NC,18614.97,702.1,17912.87,3.77,96.23
272,2020-05,ND,1863.61,42.42,1821.19,2.28,97.72
273,2020-05,NE,9838.84,121.26,9717.58,1.23,98.77
274,2020-05,NH,3516.29,164.03,3352.26,4.66,95.34
275,2020-05,NJ,144361.52,9965.65,134395.87,6.9,93.1
276,2020-05,NM,5741.13,244.52,5496.61,4.26,95.74
277,2020-05,NV,6808.1,350.74,6457.35,5.15,94.85
278,2020-05,NY,155427.65,7156.68,148270.97,4.6,95.4
279,2020-05,NYC,193982.29,20926.55,173055.74,10.79,89.21
280,2020-05,OH,27331.68,1603.52,25728.16,5.87,94.13
281,2020-05,OK,5986.48,312.94,5673.55,5.23,94.77
282,2020-05,OR,3499.26,134.23,3365.03,3.84,96.16
283,2020-05,PA,64236.55,4205.58,60030.97,6.55,93.45
284,2020-05,PR,1078.19,107.68,970.52,9.99,90.01
285,2020-05,PW,0.0,0.0,0.0,0.0,0.0
286,2020-05,RI,12358.16,618.19,11739.97,5.0,95.0
287,2020-05,RMI,0.0,0.0,0.0,0.0,0.0
288,2020-05,SC,8758.16,365.52,8392.65,4.17,95.83
289,2020-05,SD,3838.45,41.26,3797.19,1.07,98.93
290,2020-05,TN,17153.48,282.23,16871.26,1.65,98.35
291,2020-05,TX,46150.42,1501.68,44648.74,3.25,96.75
292,2020-05,UT,7226.87,81.26,7145.61,1.12,98.88
293,2020-05,VA,30591.0,1009.84,29581.16,3.3,96.7
294,2020-05,VI,68.35,5.32,63.03,7.78,92.22
295,2020-05,VT,861.29,52.55,808.74,6.1,93.9
296,2020-05,WA,18230.87,985.32,17245.55,5.4,94.6
297,2020-05,WI,12383.42,449.0,11934.42,3.63,96.37
298,2020-05,WV,1529.84,62.94,1466.9,4.11,95.89
299,2020-05,WY,735.65,9.71,725.94,1.32,98.68
300,2020-06,AK,684.07,15.47,668.6,2.26,97.74
301,2020-06,AL,27054.6,1105.73,25948.87,4.09,95.91
302,2020-06,AR,13405.13,196.57,13208.57,1.47,98.53
303,2020-06,AS,0.0,0.0,0.0,0.0,0.0
304,2020-06,AZ,43020.07,1243.27,41776.8,2.89,97.11
305,2020-06,CA,158522.27,5013.4,153508.87,3.16,96.84
306,2020-06,CO,29954.7,1601.17,28353.53,5.35,94.65
307,2020-06,CT,44955.23,4179.93,40775.3,9.3,90.7
308,2020-06,DC,9727.6,514.57,9213.03,5.29,94.71
309,2020-06,DE,10658.83,439.9,10218.93,4.13,95.87
310,2020-06,FL,88884.2,3218.3,85665.9,3.62,96.38
311,2020-06,FSM,0.0,0.0,0.0,0.0,0.0
312,2020-06,GA,60279.23,2476.23,57803.0,4.11,95.89
313,2020-06,GU,205.1,5.0,200.1,2.44,97.56
314,2020-06,HI,751.63,17.1,734.53,2.28,97.72
315,2020-06,IA,24274.27,651.1,23623.17,2.68,97.32
316,2020-06,ID,3882.5,87.13,3795.37,2.24,97.76
317,2020-06,IL,133793.8,6477.9,127315.9,4.84,95.16
318,2020-06,IN,40361.63,2422.2,37939.43,6.0,94.0
319,2020-06,KS,11678.43,245.77,11432.67,2.1,97.9
320,2020-06,KY,13465.87,601.2,12864.67,4.46,95.54
321,2020-06,LA,47761.87,3035.83,44726.03,6.36,93.64
322,2020-06,MA,101111.93,7763.4,93348.53,7.68,92.32
323,2020-06,MD,62102.5,3065.7,59036.8,4.94,95.06
324,2020-06,ME,2814.93,100.63,2714.3,3.57,96.43
325,2020-06,MI,110501.07,6161.3,104339.77,5.58,94.42
326,2020-06,MN,31027.2,1323.03,29704.17,4.26,95.74
327,2020-06,MO,18688.67,1006.83,17681.83,5.39,94.61
328,2020-06,MP,28.47,2.0,26.47,7.02,92.98
329,2020-06,MS,24122.53,1198.4,22924.13,4.97,95.03
330,2020-06,MT,672.8,19.43,653.37,2.89,97.11
331,2020-06,NC,46057.17,1235.2,44821.97,2.68,97.32
332,2020-06,ND,3105.33,74.27,3031.07,2.39,97.61
333,2020-06,NE,16865.17,225.0,16640.17,1.33,98.67
334,2020-06,NH,5321.87,318.57,5003.3,5.99,94.01
335,2020-06,NJ,167646.6,12960.7,154685.9,7.73,92.27
336,2020-06,NM,9943.77,425.03,9518.73,4.27,95.73
337,2020-06,NV,12237.7,480.37,11757.33,3.93,96.07
338,2020-06,NY,173673.43,8488.7,165184.73,4.89,95.11
339,2020-06,NYC,212976.7,22645.33,190331.37,10.63,89.37
340,2020-06,OH,42668.53,2570.63,40097.9,6.02,93.98
341,2020-06,OK,12096.23,401.2,11695.03,3.32,96.68
342,2020-06,OR,6127.63,180.17,5947.47,2.94,97.06
343,2020-06,PA,83648.03,6260.57,77387.47,7.48,92.52
344,2020-06,PR,1606.37,134.9,1471.47,8.4,91.6
345,2020-06,PW,0.0,0.0,0.0,0.0,0.0
346,2020-06,RI,15964.0,913.17,15050.83,5.72,94.28
347,2020-06,RMI,0.0,0.0,0.0,0.0,0.0
348,2020-06,SC,21230.87,606.03,20624.83,2.85,97.15
349,2020-06,SD,5932.0,76.07,5855.93,1.28,98.72
350,2020-06,TN,31332.83,479.07,30853.77,1.53,98.47
351,2020-06,TX,99949.23,2449.17,97500.07,2.45,97.55
352,2020-06,UT,15634.8,144.33,15490.47,0.92,99.08
353,2020-06,VA,55390.13,1580.9,53809.23,2.85,97.15
354,2020-06,VI,74.73,6.0,68.73,8.03,91.97
355,2020-06,VT,1030.87,54.47,976.4,5.28,94.72
356,2020-06,WA,26768.87,1225.83,25543.03,4.58,95.42
357,2020-06,WI,25063.43,705.67,24357.77,2.82,97.18
358,2020-06,WV,2393.3,87.1,2306.2,3.64,96.36
359,2020-06,WY,1123.8,18.5,1105.3,1.65,98.35
360,2020-07,AK,1798.03,25.06,1772.97,1.39,98.61
361,2020-07,AL,62362.32,1770.19,60592.13,2.84,97.16
362,2020-07,AR,31368.9,349.32,31019.58,1.11,98.89
363,2020-07,AS,0.0,0.0,0.0,0.0,0.0
364,2020-07,AZ,132392.0,2568.61,129823.39,1.94,98.06
365,2020-07,CA,359721.87,7324.61,352397.26,2.04,97.96
366,2020-07,CO,39846.94,1749.19,38097.74,4.39,95.61
367,2020-07,CT,47860.48,4379.42,43481.06,9.15,90.85
368,2020-07,DC,11143.1,571.97,10571.13,5.13,94.87
369,2020-07,DE,13705.94,534.74,13171.19,3.9,96.1
370,2020-07,FL,318593.71,6084.61,312509.1,1.91,98.09
371,2020-07,FSM,0.0,0.0,0.0,0.0,0.0
372,2020-07,GA,134586.45,3170.48,131415.97,2.36,97.64
373,2020-07,GU,320.29,5.0,315.29,1.56,98.44
374,2020-07,HI,1371.03,22.32,1348.71,1.63,98.37
375,2020-07,IA,36989.16,778.23,36210.94,2.1,97.9
376,2020-07,ID,13193.03,121.52,13071.52,0.92,99.08
377,2020-07,IL,160345.74,7434.81,152910.94,4.64,95.36
378,2020-07,IN,54924.77,2784.71,52140.06,5.07,94.93
379,2020-07,KS,21115.61,301.81,20813.81,1.43,98.57
380,2020-07,KY,24490.1,789.58,23700.52,3.22,96.78
381,2020-07,LA,86875.68,3525.94,83349.74,4.06,95.94
382,2020-07,MA,106466.81,8403.16,98063.65,7.89,92.11
383,2020-07,MD,77290.48,3473.77,73816.71,4.49,95.51
384,2020-07,ME,3629.13,114.81,3514.32,3.16,96.84
385,2020-07,MI,146231.19,6428.81,139802.39,4.4,95.6
386,2020-07,MN,45239.03,1567.48,43671.55,3.46,96.54
387,2020-07,MO,40426.06,1231.16,39194.9,3.05,96.95
388,2020-07,MP,35.1,2.0,33.1,5.7,94.3
389,2020-07,MS,48504.94,1837.87,46667.06,3.79,96.21
390,2020-07,MT,2330.23,36.29,2293.94,1.56,98.44
391,2020-07,NC,93905.61,1745.84,92159.77,1.86,98.14
392,2020-07,ND,4891.81,91.23,4800.58,1.86,98.14
393,2020-07,NE,22230.1,297.19,21932.9,1.34,98.66
394,2020-07,NH,6159.29,394.87,5764.42,6.41,93.59
395,2020-07,NJ,178054.65,15562.97,162491.68,8.74,91.26
396,2020-07,NM,16262.42,543.55,15718.87,3.34,96.66
397,2020-07,NV,32827.23,663.61,32163.61,2.02,97.98
398,2020-07,NY,184240.58,8766.19,175474.39,4.76,95.24
399,2020-07,NYC,223625.71,23126.68,200499.03,10.34,89.66
400,2020-07,OH,71100.52,3132.61,67967.9,4.41,95.59
401,2020-07,OK,31658.39,533.39,31125.0,1.68,98.32
402,2020-07,OR,13553.61,253.61,13300.0,1.87,98.13
403,2020-07,PA,103670.68,6972.42,96698.26,6.73,93.27
404,2020-07,PR,4242.42,168.42,4074.0,3.97,96.03
405,2020-07,PW,0.0,0.0,0.0,0.0,0.0
406,2020-07,RI,17683.39,1005.77,16677.61,5.69,94.31
407,2020-07,RMI,0.0,0.0,0.0,0.0,0.0
408,2020-07,SC,64010.35,1101.16,62909.19,1.72,98.28
409,2020-07,SD,7745.0,111.97,7633.03,1.45,98.55
410,2020-07,TN,70626.0,796.29,69829.71,1.13,98.87
411,2020-07,TX,294238.68,6351.32,287887.35,2.16,97.84
412,2020-07,UT,32420.26,236.45,32183.81,0.73,99.27
413,2020-07,VA,76016.58,2000.23,74016.35,2.63,97.37
414,2020-07,VI,249.29,6.45,242.84,2.59,97.41
415,2020-07,VT,1214.52,55.74,1158.77,4.59,95.41
416,2020-07,WA,44496.74,1441.0,43055.74,3.24,96.76
417,2020-07,WI,43693.42,849.84,42843.58,1.95,98.05
418,2020-07,WV,4699.26,100.03,4599.23,2.13,97.87
419,2020-07,WY,2063.87,22.87,2041.0,1.11,98.89
420,2020-08,AK,4232.39,45.48,4186.9,1.07,98.93
421,2020-08,AL,107956.19,2907.84,105048.35,2.69,97.31
422,2020-08,AR,52707.42,615.39,52092.03,1.17,98.83
423,2020-08,AS,0.0,0.0,0.0,0.0,0.0
424,2020-08,AZ,192008.35,4449.74,187558.61,2.32,97.68
425,2020-08,CA,609507.61,10968.23,598539.39,1.8,98.2
426,2020-08,CO,53775.42,1891.87,51883.55,3.52,96.48
427,2020-08,CT,51143.94,4451.61,46692.32,8.7,91.3
428,2020-08,DC,13156.42,596.61,12559.81,4.53,95.47
429,2020-08,DE,16534.52,595.16,15939.35,3.6,96.4
430,2020-08,FL,558590.23,12065.81,546524.42,2.16,97.84
431,2020-08,FSM,0.0,0.0,0.0,0.0,0.0
432,2020-08,GA,241181.74,4685.94,236495.81,1.94,98.06
433,2020-08,GU,703.19,6.29,696.9,0.89,99.11
434,2020-08,HI,5264.61,41.39,5223.23,0.79,99.21
435,2020-08,IA,53043.19,985.74,52057.45,1.86,98.14
436,2020-08,ID,27217.77,275.55,26942.23,1.01,98.99
437,2020-08,IL,208223.97,7967.29,200256.68,3.83,96.17
438,2020-08,IN,80269.48,3118.48,77151.0,3.89,96.11
439,2020-08,KS,34517.65,402.29,34115.35,1.17,98.83
440,2020-08,KY,43978.06,1036.52,42941.55,2.36,97.64
441,2020-08,LA,136302.68,4487.13,131815.55,3.29,96.71
442,2020-08,MA,114338.35,8848.55,105489.81,7.74,92.26
443,2020-08,MD,100209.52,3759.23,96450.29,3.75,96.25
444,2020-08,ME,4208.45,127.71,4080.74,3.03,96.97
445,2020-08,MI,187190.77,6692.61,180498.16,3.58,96.42
446,2020-08,MN,65650.03,1761.45,63888.58,2.68,97.32
447,2020-08,MO,73007.52,1633.26,71374.26,2.24,97.76
448,2020-08,MP,50.48,2.0,48.48,3.96,96.04
449,2020-08,MS,76476.65,2592.1,73884.55,3.39,96.61
450,2020-08,MT,5763.0,83.35,5679.65,1.45,98.55
451,2020-08,NC,147158.0,2563.39,144594.61,1.74,98.26
452,2020-08,ND,8975.81,125.29,8850.52,1.4,98.6
453,2020-08,NE,30333.16,360.19,29972.97,1.19,98.81
454,2020-08,NH,6965.65,424.06,6541.58,6.09,93.91
455,2020-08,NJ,190079.74,15900.94,174178.81,8.37,91.63
456,2020-08,NM,23285.77,679.03,22606.74,2.92,97.08
457,2020-08,NV,60729.65,1104.19,59625.45,1.82,98.18
458,2020-08,NY,195293.32,8903.45,186389.87,4.56,95.44
459,2020-08,NYC,232752.87,23336.39,209416.48,10.03,89.97
460,2020-08,OH,107855.71,3829.23,104026.48,3.55,96.45
461,2020-08,OK,52939.87,852.9,52086.97,1.61,98.39
462,2020-08,OR,23025.19,390.1,22635.1,1.69,98.31
463,2020-08,PA,129233.58,7451.13,121782.45,5.77,94.23
464,2020-08,PR,12588.68,327.1,12261.58,2.6,97.4
465,2020-08,PW,0.0,0.0,0.0,0.0,0.0
466,2020-08,RI,20465.68,1051.19,19414.48,5.14,94.86
467,2020-08,RMI,0.0,0.0,0.0,0.0,0.0
468,2020-08,SC,108162.74,2222.45,105940.29,2.05,97.95
469,2020-08,SD,10537.39,151.84,10385.55,1.44,98.56
470,2020-08,TN,129352.29,1376.39,127975.9,1.06,98.94
471,2020-08,TX,530525.77,12804.58,517721.19,2.41,97.59
472,2020-08,UT,47186.65,364.45,46822.19,0.77,99.23
473,2020-08,VA,107142.03,2405.35,104736.68,2.25,97.75
474,2020-08,VI,773.84,10.29,763.55,1.33,98.67
475,2020-08,VT,1385.26,57.0,1328.26,4.11,95.89
476,2020-08,WA,67024.39,1770.1,65254.29,2.64,97.36
477,2020-08,WI,69785.65,1045.45,68740.19,1.5,98.5
478,2020-08,WV,8468.45,160.19,8308.26,1.89,98.11
479,2020-08,WY,3301.9,32.0,3269.9,0.97,99.03
480,2020-09,AK,6509.33,60.5,6448.83,0.93,99.07
481,2020-09,AL,139892.87,3721.3,136171.57,2.66,97.34
482,2020-09,AR,72437.87,1079.6,71358.27,1.49,98.51
483,2020-09,AS,0.0,0.0,0.0,0.0,0.0
484,2020-09,AZ,210752.07,5378.83,205373.23,2.55,97.45
485,2020-09,CA,761899.63,14350.43,747549.2,1.88,98.12
486,2020-09,CO,64495.93,2000.67,62495.27,3.1,96.9
487,2020-09,CT,55044.13,4485.53,50558.6,8.15,91.85
488,2020-09,DC,14710.03,617.2,14092.83,4.2,95.8
489,2020-09,DE,19321.83,619.6,18702.23,3.21,96.79
490,2020-09,FL,661639.87,15574.23,646065.63,2.35,97.65
491,2020-09,FSM,0.0,0.0,0.0,0.0,0.0
492,2020-09,GA,311654.3,6424.4,305229.9,2.06,97.94
493,2020-09,GU,1982.17,28.13,1954.03,1.42,98.58
494,2020-09,HI,10925.1,105.67,10819.43,0.97,99.03
495,2020-09,IA,76761.17,1235.77,75525.4,1.61,98.39
496,2020-09,ID,36504.97,423.7,36081.27,1.16,98.84
497,2020-09,IL,267929.5,8590.47,259339.03,3.21,96.79
498,2020-09,IN,107470.87,3446.4,104024.47,3.21,96.79
499,2020-09,KS,50783.47,553.87,50229.6,1.09,98.91
500,2020-09,KY,64626.9,1369.1,63257.8,2.12,97.88
501,2020-09,LA,159264.47,5265.37,153999.1,3.31,96.69
502,2020-09,MA,125864.77,9273.83,116590.93,7.37,92.63
503,2020-09,MD,117834.23,3979.83,113854.4,3.38,96.62
504,2020-09,ME,4973.43,137.23,4836.2,2.76,97.24
505,2020-09,MI,224781.87,6975.2,217806.67,3.1,96.9
506,2020-09,MN,87285.23,1983.9,85301.33,2.27,97.73
507,2020-09,MO,114130.1,2185.93,111944.17,1.92,98.08
508,2020-09,MP,62.77,2.0,60.77,3.19,96.81
509,2020-09,MS,94256.37,3082.37,91174.0,3.27,96.73
510,2020-09,MT,9882.2,143.17,9739.03,1.45,98.55
511,2020-09,NC,191296.3,3419.3,187877.0,1.79,98.21
512,2020-09,ND,16881.67,187.1,16694.57,1.11,98.89
513,2020-09,NE,39624.63,437.4,39187.23,1.1,98.9
514,2020-09,NH,7769.4,436.0,7333.4,5.61,94.39
515,2020-09,NJ,202359.17,16048.6,186310.57,7.93,92.07
516,2020-09,NM,27189.27,786.13,26403.13,2.89,97.11
517,2020-09,NV,74662.8,1514.47,73148.33,2.03,97.97
518,2020-09,NY,207629.17,8998.1,198631.07,4.33,95.67
519,2020-09,NYC,241611.53,23469.1,218142.43,9.71,90.29
520,2020-09,OH,139654.0,4496.57,135157.43,3.22,96.78
521,2020-09,OK,78753.73,1207.13,77546.6,1.53,98.47
522,2020-09,OR,29995.63,512.97,29482.67,1.71,98.29
523,2020-09,PA,152673.37,7913.23,144760.13,5.18,94.82
524,2020-09,PR,20588.63,554.5,20034.13,2.69,97.31
525,2020-09,PW,0.0,0.0,0.0,0.0,0.0
526,2020-09,RI,23138.43,1102.93,22035.5,4.77,95.23
527,2020-09,RMI,0.0,0.0,0.0,0.0,0.0
528,2020-09,SC,136868.43,3071.7,133796.73,2.24,97.76
529,2020-09,SD,17637.03,191.53,17445.5,1.09,98.91
530,2020-09,TN,173524.37,2090.73,171433.63,1.2,98.8
531,2020-09,TX,678204.7,15975.63,662229.07,2.36,97.64
532,2020-09,UT,61525.0,435.23,61089.77,0.71,99.29
533,2020-09,VA,136564.2,2903.3,133660.9,2.13,97.87
534,2020-09,VI,1237.53,18.37,1219.17,1.48,98.52
535,2020-09,VT,1555.27,57.0,1498.27,3.66,96.34
536,2020-09,WA,81929.53,2021.03,79908.5,2.47,97.53
537,2020-09,WI,100968.5,1228.93,99739.57,1.22,98.78
538,2020-09,WV,13149.87,285.93,12863.93,2.17,97.83
539,2020-09,WY,4668.57,45.83,4622.73,0.98,99.02
540,2020-10,AK,10967.9,89.68,10878.23,0.82,99.18
541,2020-10,AL,171478.55,4292.65,167185.9,2.5,97.5
542,2020-10,AR,97590.39,1655.81,95934.58,1.7,98.3
543,2020-10,AS,0.0,0.0,0.0,0.0,0.0
544,2020-10,AZ,230488.13,5805.55,224682.58,2.52,97.48
545,2020-10,CA,863849.77,16708.13,847141.65,1.93,98.07
546,2020-10,CO,87611.48,2159.87,85451.61,2.47,97.53
547,2020-10,CT,63266.84,4551.74,58715.1,7.19,92.81
548,2020-10,DC,16249.06,638.23,15610.84,3.93,96.07
549,2020-10,DE,23082.06,666.1,22415.97,2.89,97.11
550,2020-10,FL,742068.65,17367.97,724700.68,2.34,97.66
551,2020-10,FSM,0.0,0.0,0.0,0.0,0.0
552,2020-10,GA,361165.19,7541.71,353623.48,2.09,97.91
553,2020-10,GU,3585.52,63.87,3521.65,1.78,98.22
554,2020-10,HI,13814.1,183.68,13630.42,1.33,98.67
555,2020-10,IA,105658.74,1525.32,104133.42,1.44,98.56
556,2020-10,ID,52390.97,533.9,51857.06,1.02,98.98
557,2020-10,IL,344874.26,9439.29,335434.97,2.74,97.26
558,2020-10,IN,145561.61,3919.48,141642.13,2.69,97.31
559,2020-10,KS,70831.1,848.74,69982.35,1.2,98.8
560,2020-10,KY,90373.55,1764.65,88608.9,1.95,98.05
561,2020-10,LA,177578.55,5723.29,171855.26,3.22,96.78
562,2020-10,MA,143519.77,9746.06,133773.71,6.79,93.21
563,2020-10,MD,135264.39,4173.35,131091.03,3.09,96.91
564,2020-10,ME,5949.13,144.45,5804.68,2.43,97.57
565,2020-10,MI,269677.58,7423.48,262254.1,2.75,97.25
566,2020-10,MN,120915.58,2270.0,118645.58,1.88,98.12
567,2020-10,MO,167494.23,3004.58,164489.65,1.79,98.21
568,2020-10,MP,81.55,2.0,79.55,2.45,97.55
569,2020-10,MS,112202.03,3477.71,108724.32,3.1,96.9
570,2020-10,MT,22170.26,247.94,21922.32,1.12,98.88
571,2020-10,NC,241758.26,4256.65,237501.61,1.76,98.24
572,2020-10,ND,32000.58,390.71,31609.87,1.22,98.78
573,2020-10,NE,57138.58,553.58,56585.0,0.97,99.03
574,2020-10,NH,9578.9,461.71,9117.19,4.82,95.18
575,2020-10,NJ,227180.68,16217.06,210963.61,7.14,92.86
576,2020-10,NM,36501.81,880.77,35621.03,2.41,97.59
577,2020-10,NV,89476.29,1724.13,87752.16,1.93,98.07
578,2020-10,NY,228649.77,9143.32,219506.45,4.0,96.0
579,2020-10,NYC,257329.35,23619.61,233709.74,9.18,90.82
580,2020-10,OH,180360.32,5074.74,175285.58,2.81,97.19
581,2020-10,OK,113805.52,1634.87,112170.65,1.44,98.56
582,2020-10,OR,38936.16,619.0,38317.16,1.59,98.41
583,2020-10,PA,186852.65,8462.87,178389.77,4.53,95.47
584,2020-10,PR,30387.42,748.9,29638.52,2.46,97.54
585,2020-10,PW,0.0,0.0,0.0,0.0,0.0
586,2020-10,RI,28299.39,1167.42,27131.97,4.13,95.87
587,2020-10,RMI,0.26,0.0,0.26,0.0,100.0
588,2020-10,SC,162683.9,3620.29,159063.61,2.23,97.77
589,2020-10,SD,32506.68,315.58,32191.1,0.97,99.03
590,2020-10,TN,222928.58,2862.97,220065.61,1.28,98.72
591,2020-10,TX,819305.52,18057.94,801247.58,2.2,97.8
592,2020-10,UT,92603.74,534.61,92069.13,0.58,99.42
593,2020-10,VA,165140.32,3447.55,161692.77,2.09,97.91
594,2020-10,VI,1336.03,20.55,1315.48,1.54,98.46
595,2020-10,VT,1786.52,57.0,1729.52,3.19,96.81
596,2020-10,WA,99012.55,2241.55,96771.0,2.26,97.74
597,2020-10,WI,177471.87,1622.55,175849.32,0.91,99.09
598,2020-10,WV,19646.35,397.58,19248.77,2.02,97.98
599,2020-10,WY,9007.68,62.13,8945.55,0.69,99.31
600,2020-11,AK,23260.67,157.03,23103.63,0.68,99.32
601,2020-11,AL,219284.07,4958.53,214325.53,2.26,97.74
602,2020-11,AR,134369.1,2225.5,132143.6,1.66,98.34
603,2020-11,AS,2.2,0.0,2.2,0.0,100.0
604,2020-11,AZ,281390.27,6316.63,275073.63,2.24,97.76
605,2020-11,CA,1041473.2,18377.37,1023095.83,1.76,98.24
606,2020-11,CO,175884.87,2616.4,173268.47,1.49,98.51
607,2020-11,CT,92806.3,4778.73,88027.57,5.15,94.85
608,2020-11,DC,19175.43,662.43,18513.0,3.45,96.55
609,2020-11,DE,29990.5,738.2,29252.3,2.46,97.54
610,2020-11,FL,885874.0,19005.7,866868.3,2.15,97.85
611,2020-11,FSM,0.0,0.0,0.0,0.0,0.0
612,2020-11,GA,428688.17,8821.2,419866.97,2.06,97.94
613,2020-11,GU,5877.17,95.37,5781.8,1.62,98.38
614,2020-11,HI,16432.73,225.03,16207.7,1.37,98.63
615,2020-11,IA,183292.1,2031.57,181260.53,1.11,98.89
616,2020-11,ID,83243.3,780.3,82463.0,0.94,99.06
617,2020-11,IL,577054.73,11350.33,565704.4,1.97,98.03
618,2020-11,IN,255891.73,4982.97,250908.77,1.95,98.05
619,2020-11,KS,120521.03,1294.7,119226.33,1.07,98.93
620,2020-11,KY,146418.57,2536.57,143882.0,1.73,98.27
621,2020-11,LA,207433.37,6160.13,201273.23,2.97,97.03
622,2020-11,MA,190433.4,10412.2,180021.2,5.47,94.53
623,2020-11,MD,170949.07,4526.13,166422.93,2.65,97.35
624,2020-11,ME,9288.4,169.4,9119.0,1.82,98.18
625,2020-11,MI,400000.63,8810.73,391189.9,2.2,97.8
626,2020-11,MN,228319.47,3022.87,225296.6,1.32,98.68
627,2020-11,MO,275934.77,4260.37,271674.4,1.54,98.46
628,2020-11,MP,100.97,2.0,98.97,1.98,98.02
629,2020-11,MS,139502.2,4016.27,135485.93,2.88,97.12
630,2020-11,MT,47870.27,528.5,47341.77,1.1,98.9
631,2020-11,NC,317856.7,5295.67,312561.03,1.67,98.33
632,2020-11,ND,64609.9,757.33,63852.57,1.17,98.83
633,2020-11,NE,100484.87,816.93,99667.93,0.81,99.19
634,2020-11,NH,15268.0,501.0,14767.0,3.28,96.72
635,2020-11,NJ,304332.73,16623.17,287709.57,5.46,94.54
636,2020-11,NM,69085.33,1196.9,67888.43,1.73,98.27
637,2020-11,NV,123479.77,1941.1,121538.67,1.57,98.43
638,2020-11,NY,282977.83,9550.73,273427.1,3.38,96.62
639,2020-11,NYC,291993.7,23863.03,268130.67,8.17,91.83
640,2020-11,OH,307793.9,5810.47,301983.43,1.89,98.11
641,2020-11,OK,177490.47,2396.07,175094.4,1.35,98.65
642,2020-11,OR,58392.7,783.87,57608.83,1.34,98.66
643,2020-11,PA,282314.53,9467.37,272847.17,3.35,96.65
644,2020-11,PR,45818.77,953.73,44865.03,2.08,97.92
645,2020-11,PW,0.0,0.0,0.0,0.0,0.0
646,2020-11,RI,44314.2,1297.97,43016.23,2.93,97.07
647,2020-11,RMI,2.5,0.0,2.5,0.0,100.0
648,2020-11,SC,197691.9,4134.9,193557.0,2.09,97.91
649,2020-11,SD,64633.1,664.57,63968.53,1.03,98.97
650,2020-11,TN,307247.4,3925.3,303322.1,1.28,98.72
651,2020-11,TX,1120314.27,21782.8,1098531.47,1.94,98.06
652,2020-11,UT,155505.73,731.37,154774.37,0.47,99.53
653,2020-11,VA,208449.07,3851.9,204597.17,1.85,98.15
654,2020-11,VI,1456.87,22.87,1434.0,1.57,98.43
655,2020-11,VT,2923.5,61.33,2862.17,2.1,97.9
656,2020-11,WA,136383.13,2553.47,133829.67,1.87,98.13
657,2020-11,WI,331047.57,2808.5,328239.07,0.85,99.15
658,2020-11,WV,34893.87,591.97,34301.9,1.7,98.3
659,2020-11,WY,23276.67,152.1,23124.57,0.65,99.35
660,2020-12,AK,40501.55,254.77,40246.77,0.63,99.37
661,2020-12,AL,307062.84,6221.58,300841.26,2.03,97.97
662,2020-12,AR,192265.06,3072.23,189192.84,1.6,98.4
663,2020-12,AS,3.0,0.0,3.0,0.0,100.0
664,2020-12,AZ,428286.26,7655.61,420630.65,1.79,98.21
665,2020-12,CA,1699847.23,21795.9,1678051.32,1.28,98.72
666,2020-12,CO,308348.42,4042.16,304306.26,1.31,98.69
667,2020-12,CT,154633.84,5504.0,149129.84,3.56,96.44
668,2020-12,DC,25485.06,728.06,24757.0,2.86,97.14
669,2020-12,DE,48458.26,841.19,47617.06,1.74,98.26
670,2020-12,FL,1149020.87,21707.13,1127313.74,1.89,98.11
671,2020-12,FSM,0.0,0.0,0.0,0.0,0.0
672,2020-12,GA,564524.1,10224.55,554299.55,1.81,98.19
673,2020-12,GU,7145.55,117.55,7028.0,1.65,98.35
674,2020-12,HI,19351.87,271.13,19080.74,1.4,98.6
675,2020-12,IA,259545.26,3289.71,256255.55,1.27,98.73
676,2020-12,ID,124088.29,1213.16,122875.13,0.98,99.02
677,2020-12,IL,863462.74,15712.13,847750.61,1.82,98.18
678,2020-12,IN,436651.52,7032.9,429618.61,1.61,98.39
679,2020-12,KS,192102.23,2188.45,189913.77,1.14,98.86
680,2020-12,KY,234929.74,4012.9,230916.84,1.71,98.29
681,2020-12,LA,275266.65,6939.13,268327.52,2.52,97.48
682,2020-12,MA,302858.61,11680.9,291177.71,3.86,96.14
683,2020-12,MD,242843.29,5588.26,237255.03,2.3,97.7
684,2020-12,ME,17881.48,278.48,17603.0,1.56,98.44
685,2020-12,MI,545620.97,12181.39,533439.58,2.23,97.77
686,2020-12,MN,380398.48,4602.19,375796.29,1.21,98.79
687,2020-12,MO,397472.39,6061.97,391410.42,1.53,98.47
688,2020-12,MP,114.32,2.0,112.32,1.75,98.25
689,2020-12,MS,190448.45,5010.48,185437.97,2.63,97.37
690,2020-12,MT,73942.61,834.84,73107.77,1.13,98.87
691,2020-12,NC,459566.68,6802.26,452764.42,1.48,98.52
692,2020-12,ND,88122.77,1169.03,86953.74,1.33,98.67
693,2020-12,NE,150667.26,1407.58,149259.68,0.93,99.07
694,2020-12,NH,32964.65,628.9,32335.74,1.91,98.09
695,2020-12,NJ,453798.06,17981.16,435816.9,3.96,96.04
696,2020-12,NM,122961.06,1954.84,121006.23,1.59,98.41
697,2020-12,NV,192360.74,2634.48,189726.26,1.37,98.63
698,2020-12,NY,440776.84,11177.23,429599.61,2.54,97.46
699,2020-12,NYC,380585.19,24481.55,356103.65,6.43,93.57
700,2020-12,OH,576892.52,7752.13,569140.39,1.34,98.66
701,2020-12,OK,273128.97,3787.16,269341.81,1.39,98.61
702,2020-12,OR,96788.1,1234.68,95553.42,1.28,98.72
703,2020-12,PA,521270.45,13145.55,508124.9,2.52,97.48
704,2020-12,PR,68301.74,1319.94,66981.81,1.93,98.07
705,2020-12,PW,0.0,0.0,0.0,0.0,0.0
706,2020-12,RI,75064.61,1672.71,73391.9,2.23,97.77
707,2020-12,RMI,4.0,0.0,4.0,0.0,100.0
708,2020-12,SC,266689.77,4817.0,261872.77,1.81,98.19
709,2020-12,SD,91710.19,1271.16,90439.03,1.39,98.61
710,2020-12,TN,471934.0,5663.97,466270.03,1.2,98.8
711,2020-12,TX,1522317.29,27700.45,1494616.84,1.82,98.18
712,2020-12,UT,239642.81,1087.52,238555.29,0.45,99.55
713,2020-12,VA,296485.71,4555.81,291929.9,1.54,98.46
714,2020-12,VI,1837.97,23.0,1814.97,1.25,98.75
715,2020-12,VT,5630.58,110.13,5520.45,1.96,98.04
716,2020-12,WA,212217.29,3053.65,209163.65,1.44,98.56
717,2020-12,WI,474983.39,4495.94,470487.45,0.95,99.05
718,2020-12,WV,67139.45,1042.45,66097.0,1.55,98.45
719,2020-12,WY,39976.13,330.06,39646.06,0.83,99.17
720,2021-01,AK,49914.74,300.03,49614.71,0.6,99.4
721,2021-01,AL,417242.0,8470.23,408771.77,2.03,97.97
722,2021-01,AR,266036.87,4287.84,261749.03,1.61,98.39
723,2021-01,AS,3.0,0.0,3.0,0.0,100.0
724,2021-01,AZ,658252.39,11037.35,647215.03,1.68,98.32
725,2021-01,CA,2842460.87,32260.29,2810200.58,1.13,98.87
726,2021-01,CO,381073.94,5304.55,375769.39,1.39,98.61
727,2021-01,CT,222611.61,6582.77,216028.84,2.96,97.04
728,2021-01,DC,33235.03,846.13,32388.9,2.55,97.45
729,2021-01,DE,70652.13,1005.94,69646.19,1.42,98.58
730,2021-01,FL,1527040.71,26375.52,1500665.19,1.73,98.27
731,2021-01,FSM,0.77,0.0,0.77,0.0,100.0
732,2021-01,GA,801007.32,12322.23,788685.1,1.54,98.46
733,2021-01,GU,7473.0,125.71,7347.29,1.68,98.32
734,2021-01,HI,23652.23,328.13,23324.1,1.39,98.61
735,2021-01,IA,302647.9,4294.48,298353.42,1.42,98.58
736,2021-01,ID,153639.32,1594.39,152044.94,1.04,98.96
737,2021-01,IL,1056788.16,19844.74,1036943.42,1.88,98.12
738,2021-01,IN,580859.13,9481.68,571377.45,1.63,98.37
739,2021-01,KS,253805.97,3376.32,250429.65,1.33,98.67
740,2021-01,KY,327037.9,5604.52,321433.39,1.71,98.29
741,2021-01,LA,361769.9,8163.58,353606.32,2.26,97.74
742,2021-01,MA,458426.42,13757.74,444668.68,3.0,97.0
743,2021-01,MD,322899.42,6972.45,315926.97,2.16,97.84
744,2021-01,ME,33022.16,487.06,32535.1,1.47,98.53
745,2021-01,MI,627201.19,14974.74,612226.45,2.39,97.61
746,2021-01,MN,442707.81,5902.06,436805.74,1.33,98.67
747,2021-01,MO,495831.03,7550.74,488280.29,1.52,98.48
748,2021-01,MP,127.84,2.0,125.84,1.56,98.44
749,2021-01,MS,253349.13,6246.65,247102.48,2.47,97.53
750,2021-01,MT,88392.13,1091.84,87300.29,1.24,98.76
751,2021-01,NC,670834.42,9507.81,661326.61,1.42,98.58
752,2021-01,ND,95643.61,1376.39,94267.23,1.44,98.56
753,2021-01,NE,181246.23,1812.1,179434.13,1.0,99.0
754,2021-01,NH,55974.0,911.81,55062.19,1.63,98.37
755,2021-01,NJ,617144.39,20339.16,596805.23,3.3,96.7
756,2021-01,NM,161022.77,2806.74,158216.03,1.74,98.26
757,2021-01,NV,256719.45,3707.48,253011.97,1.44,98.56
758,2021-01,NY,695226.61,14526.65,680699.97,2.09,97.91
759,2021-01,NYC,532618.65,26054.58,506564.06,4.89,95.11
760,2021-01,OH,811972.9,10105.58,801867.32,1.24,98.76
761,2021-01,OK,373531.9,5469.39,368062.52,1.46,98.54
762,2021-01,OR,130589.16,1739.23,128849.94,1.33,98.67
763,2021-01,PA,761367.94,18969.94,742398.0,2.49,97.51
764,2021-01,PR,88561.16,1686.26,86874.9,1.9,98.1
765,2021-01,PW,0.0,0.0,0.0,0.0,0.0
766,2021-01,RI,104203.26,2153.97,102049.29,2.07,97.93
767,2021-01,RMI,4.0,0.0,4.0,0.0,100.0
768,2021-01,SC,398663.94,6123.16,392540.77,1.54,98.46
769,2021-01,SD,104662.58,1632.26,103030.32,1.56,98.44
770,2021-01,TN,663712.58,8196.13,655516.45,1.23,98.77
771,2021-01,TX,2075504.19,36477.9,2039026.29,1.76,98.24
772,2021-01,UT,317593.35,1476.48,316116.87,0.46,99.54
773,2021-01,VA,435802.61,5752.71,430049.9,1.32,98.68
774,2021-01,VI,2236.84,23.9,2212.94,1.07,98.93
775,2021-01,VT,9140.32,164.16,8976.16,1.8,98.2
776,2021-01,WA,284532.68,3885.9,280646.77,1.37,98.63
777,2021-01,WI,561850.9,5840.84,556010.06,1.04,98.96
778,2021-01,WV,106453.87,1717.39,104736.48,1.61,98.39
779,2021-01,WY,48685.35,525.45,48159.9,1.08,98.92
780,2021-02,AK,54638.21,313.86,54324.36,0.57,99.43
781,2021-02,AL,479550.54,10178.79,469371.75,2.12,97.88
782,2021-02,AR,311387.04,5221.46,306165.57,1.68,98.32
783,2021-02,AS,3.57,0.0,3.57,0.0,100.0
784,2021-02,AZ,795162.71,14830.46,780332.25,1.87,98.13
785,2021-02,CA,3388032.39,46189.79,3341842.61,1.36,98.64
786,2021-02,CO,423356.5,5812.04,417544.46,1.37,98.63
787,2021-02,CT,268525.79,7403.04,261122.75,2.76,97.24
788,2021-02,DC,38865.61,974.25,37891.36,2.51,97.49
789,2021-02,DE,84604.11,1283.93,83320.18,1.52,98.48
790,2021-02,FL,1794966.14,31032.04,1763934.11,1.73,98.27
791,2021-02,FSM,1.0,0.0,1.0,0.0,100.0
792,2021-02,GA,964010.07,15949.14,948060.93,1.65,98.35
793,2021-02,GU,7690.07,129.79,7560.29,1.69,98.31
794,2021-02,HI,26724.68,422.14,26302.54,1.58,98.42
795,2021-02,IA,328882.07,5235.79,323646.29,1.59,98.41
796,2021-02,ID,167553.68,1802.46,165751.21,1.08,98.92
797,2021-02,IL,1160812.11,22096.25,1138715.86,1.9,98.1
798,2021-02,IN,648281.21,12068.43,636212.79,1.86,98.14
799,2021-02,KS,286599.61,4372.79,282226.82,1.53,98.47
800,2021-02,KY,394508.54,6660.86,387847.68,1.69,98.31
801,2021-02,LA,418358.82,9301.04,409057.79,2.22,97.78
802,2021-02,MA,556493.29,15599.43,540893.86,2.8,97.2
803,2021-02,MD,371110.18,8041.68,363068.5,2.17,97.83
804,2021-02,ME,42607.93,655.68,41952.25,1.54,98.46
805,2021-02,MI,672379.0,16313.79,656065.21,2.43,97.57
806,2021-02,MN,473631.25,6430.0,467201.25,1.36,98.64
807,2021-02,MO,541860.29,8375.96,533484.32,1.55,98.45
808,2021-02,MP,136.29,2.0,134.29,1.47,98.53
809,2021-02,MS,289166.71,6888.25,282278.46,2.38,97.62
810,2021-02,MT,97345.82,1324.21,96021.61,1.36,98.64
811,2021-02,NC,821964.43,11778.57,810185.86,1.43,98.57
812,2021-02,ND,98811.18,1433.14,97378.04,1.45,98.55
813,2021-02,NE,197336.54,2012.46,195324.07,1.02,98.98
814,2021-02,NH,70920.89,1127.86,69793.04,1.59,98.41
815,2021-02,NJ,745830.54,22462.57,723367.96,3.01,96.99
816,2021-02,NM,180320.82,3411.36,176909.46,1.89,98.11
817,2021-02,NV,287609.93,4690.71,282919.21,1.63,98.37
818,2021-02,NY,869910.93,17295.39,852615.54,1.99,98.01
819,2021-02,NYC,676783.39,28359.54,648423.86,4.19,95.81
820,2021-02,OH,937789.82,14717.43,923072.39,1.57,98.43
821,2021-02,OK,425103.86,6637.68,418466.18,1.56,98.44
822,2021-02,OR,150117.43,2101.79,148015.64,1.4,98.6
823,2021-02,PA,899746.5,23037.21,876709.29,2.56,97.44
824,2021-02,PR,99138.36,1926.93,97211.43,1.94,98.06
825,2021-02,PW,0.0,0.0,0.0,0.0,0.0
826,2021-02,RI,121146.96,2470.54,118676.43,2.04,97.96
827,2021-02,RMI,4.0,0.0,4.0,0.0,100.0
828,2021-02,SC,498403.54,7942.32,490461.21,1.59,98.41
829,2021-02,SD,110346.75,1835.07,108511.68,1.66,98.34
830,2021-02,TN,747815.79,10760.57,737055.21,1.44,98.56
831,2021-02,TX,2542296.14,44216.11,2498080.04,1.74,98.26
832,2021-02,UT,360751.71,1798.21,358953.5,0.5,99.5
833,2021-02,VA,549228.61,7260.0,541968.61,1.32,98.68
834,2021-02,VI,2535.25,24.68,2510.57,0.97,99.03
835,2021-02,VT,12695.93,192.36,12503.57,1.52,98.48
836,2021-02,WA,328072.36,4675.96,323396.39,1.43,98.57
837,2021-02,WI,606696.21,6755.96,599940.25,1.11,98.89
838,2021-02,WV,127258.29,2194.64,125063.64,1.72,98.28
839,2021-02,WY,53260.5,648.32,52612.18,1.22,98.78
840,2021-03,AK,58395.16,331.84,58063.32,0.57,99.43
841,2021-03,AL,506117.61,10794.32,495323.29,2.13,97.87
842,2021-03,AR,327126.68,5458.87,321667.81,1.67,98.33
843,2021-03,AS,3.23,0.0,3.23,0.0,100.0
844,2021-03,AZ,832803.26,16571.39,816231.87,1.99,98.01
845,2021-03,CA,3528039.1,55326.61,3472712.48,1.57,98.43
846,2021-03,CO,454005.45,6038.58,447966.87,1.33,98.67
847,2021-03,CT,294609.87,7787.9,286821.97,2.64,97.36
848,2021-03,DC,42638.68,1042.42,41596.26,2.44,97.56
849,2021-03,DE,92138.9,1504.45,90634.45,1.63,98.37
850,2021-03,FL,1949985.87,33577.58,1916408.29,1.72,98.28
851,2021-03,FSM,1.0,0.0,1.0,0.0,100.0
852,2021-03,GA,1036788.13,18311.06,1018477.06,1.77,98.23
853,2021-03,GU,7774.42,133.39,7641.03,1.72,98.28
854,2021-03,HI,28475.58,448.1,28027.48,1.57,98.43
855,2021-03,IA,343707.26,5635.42,338071.84,1.64,98.36
856,2021-03,ID,176030.29,1920.13,174110.16,1.09,98.91
857,2021-03,IL,1214008.74,23220.19,1190788.55,1.91,98.09
858,2021-03,IN,675182.26,12828.71,662353.55,1.9,98.1
859,2021-03,KS,298460.71,4841.42,293619.29,1.62,98.38
860,2021-03,KY,421180.58,7161.19,414019.39,1.7,98.3
861,2021-03,LA,438096.26,9908.23,428188.03,2.26,97.74
862,2021-03,MA,606587.55,16772.52,589815.03,2.77,97.23
863,2021-03,MD,396520.61,8603.84,387916.77,2.17,97.83
864,2021-03,ME,47674.06,724.03,46950.03,1.52,98.48
865,2021-03,MI,730514.1,16930.39,713583.71,2.32,97.68
866,2021-03,MN,500296.81,6781.9,493514.9,1.36,98.64
867,2021-03,MO,560160.1,8691.16,551468.94,1.55,98.45
868,2021-03,MP,152.45,2.0,150.45,1.31,98.69
869,2021-03,MS,302220.61,7128.13,295092.48,2.36,97.64
870,2021-03,MT,102279.81,1402.65,100877.16,1.37,98.63
871,2021-03,NC,886158.06,12559.77,873598.29,1.42,98.58
872,2021-03,ND,101382.48,1457.77,99924.71,1.44,98.56
873,2021-03,NE,206369.06,2133.45,204235.61,1.03,98.97
874,2021-03,NH,79377.71,1204.52,78173.19,1.52,98.48
875,2021-03,NJ,847524.94,23957.61,823567.32,2.83,97.17
876,2021-03,NM,188660.61,3743.45,184917.16,1.98,98.02
877,2021-03,NV,299329.06,5124.16,294204.9,1.71,98.29
878,2021-03,NY,972004.29,18438.58,953565.71,1.9,98.1
879,2021-03,NYC,792820.68,30403.87,762416.81,3.83,96.17
880,2021-03,OH,992682.65,18044.9,974637.74,1.82,98.18
881,2021-03,OK,438391.87,7056.26,431335.61,1.61,98.39
882,2021-03,OR,160152.71,2329.97,157822.74,1.45,98.55
883,2021-03,PA,980564.48,24621.16,955943.32,2.51,97.49
884,2021-03,PR,105127.48,2073.23,103054.26,1.97,98.03
885,2021-03,PW,0.0,0.0,0.0,0.0,0.0
886,2021-03,RI,131480.32,2588.74,128891.58,1.97,98.03
887,2021-03,RMI,4.0,0.0,4.0,0.0,100.0
888,2021-03,SC,539592.35,8833.03,530759.32,1.64,98.36
889,2021-03,SD,115022.06,1913.35,113108.71,1.66,98.34
890,2021-03,TN,787357.32,11657.68,775699.65,1.48,98.52
891,2021-03,TX,2723319.61,47800.23,2675519.39,1.76,98.24
892,2021-03,UT,379031.65,2034.03,376997.61,0.54,99.46
893,2021-03,VA,599331.06,9943.32,589387.74,1.66,98.34
894,2021-03,VI,2802.94,25.19,2777.74,0.9,99.1
895,2021-03,VT,15934.32,212.45,15721.87,1.33,98.67
896,2021-03,WA,351738.35,5132.77,346605.58,1.46,98.54
897,2021-03,WI,626709.26,7186.06,619523.19,1.15,98.85
898,2021-03,WV,136357.84,2496.68,133861.16,1.83,98.17
899,2021-03,WY,55375.52,690.1,54685.42,1.25,98.75
900,2021-04,AK,63144.47,340.77,62803.7,0.54,99.46
901,2021-04,AL,521246.37,11080.0,510166.37,2.13,97.87
902,2021-04,AR,333017.9,5685.53,327332.37,1.71,98.29
903,2021-04,AS,0.0,0.0,0.0,0.0,0.0
904,2021-04,AZ,852427.4,17137.27,835290.13,2.01,97.99
905,2021-04,CA,3607947.93,59429.47,3548518.47,1.65,98.35
906,2021-04,CO,494476.0,6189.57,488286.43,1.25,98.75
907,2021-04,CT,327125.03,7990.5,319134.53,2.44,97.56
908,2021-04,DC,46297.63,1088.13,45209.5,2.35,97.65
909,2021-04,DE,101006.03,1592.07,99413.97,1.58,98.42
910,2021-04,FL,2113650.4,35231.9,2078418.5,1.67,98.33
911,2021-04,FSM,1.0,0.0,1.0,0.0,100.0
912,2021-04,GA,1080386.77,19648.17,1060738.6,1.82,98.18
913,2021-04,GU,7875.07,136.0,7739.07,1.73,98.27
914,2021-04,HI,31381.43,469.97,30911.47,1.5,98.5
915,2021-04,IA,358709.13,5871.37,352837.77,1.64,98.36
916,2021-04,ID,184412.07,2007.57,182404.5,1.09,98.91
917,2021-04,IL,1292533.97,23909.9,1268624.07,1.85,98.15
918,2021-04,IN,704722.57,13163.53,691559.03,1.87,98.13
919,2021-04,KS,305578.5,4948.73,300629.77,1.62,98.38
920,2021-04,KY,438125.8,7417.5,430708.3,1.69,98.31
921,2021-04,LA,451614.27,10265.7,441348.57,2.27,97.73
922,2021-04,MA,666152.57,17452.0,648700.57,2.62,97.38
923,2021-04,MD,432570.4,9078.87,423491.53,2.1,97.9
924,2021-04,ME,56432.23,761.5,55670.73,1.35,98.65
925,2021-04,MI,891152.93,18173.13,872979.8,2.04,97.96
926,2021-04,MN,549825.37,7070.47,542754.9,1.29,98.71
927,2021-04,MO,577417.47,8885.87,568531.6,1.54,98.46
928,2021-04,MP,161.4,2.0,159.4,1.24,98.76
929,2021-04,MS,309684.6,7253.87,302430.73,2.34,97.66
930,2021-04,MT,106777.87,1526.07,105251.8,1.43,98.57
931,2021-04,NC,939044.63,12923.3,926121.33,1.38,98.62
932,2021-04,ND,105532.63,1477.7,104054.93,1.4,98.6
933,2021-04,NE,216094.8,2218.2,213876.6,1.03,98.97
934,2021-04,NH,90269.67,1266.9,89002.77,1.4,98.6
935,2021-04,NJ,964879.93,25054.9,939825.03,2.6,97.4
936,2021-04,NM,194694.93,3885.9,190809.03,2.0,98.0
937,2021-04,NV,309672.7,5359.07,304313.63,1.73,98.27
938,2021-04,NY,1080456.43,19122.87,1061333.57,1.77,98.23
939,2021-04,NYC,898989.77,32026.23,866963.53,3.56,96.44
940,2021-04,OH,1047391.67,18928.7,1028462.97,1.81,98.19
941,2021-04,OK,445894.77,7212.13,438682.63,1.62,98.38
942,2021-04,OR,173963.13,2449.43,171513.7,1.41,98.59
943,2021-04,PA,1099148.93,25615.47,1073533.47,2.33,97.67
944,2021-04,PR,121990.37,2192.57,119797.8,1.8,98.2
945,2021-04,PW,0.0,0.0,0.0,0.0,0.0
946,2021-04,RI,143227.13,2653.7,140573.43,1.85,98.15
947,2021-04,RMI,4.0,0.0,4.0,0.0,100.0
948,2021-04,SC,567409.27,9263.47,558145.8,1.63,98.37
949,2021-04,SD,120490.0,1949.77,118540.23,1.62,98.38
950,2021-04,TN,824023.6,12052.5,811971.1,1.46,98.54
951,2021-04,TX,2833782.57,49370.2,2784412.37,1.74,98.26
952,2021-04,UT,391739.97,2164.73,389575.23,0.55,99.45
953,2021-04,VA,642739.37,10554.07,632185.3,1.64,98.36
954,2021-04,VI,3018.27,26.4,2991.87,0.87,99.13
955,2021-04,VT,20138.07,234.83,19903.23,1.17,98.83
956,2021-04,WA,383274.13,5370.7,377903.43,1.4,98.6
957,2021-04,WI,648966.8,7414.67,641552.13,1.14,98.86
958,2021-04,WV,147758.07,2744.9,145013.17,1.86,98.14
959,2021-04,WY,57212.87,703.03,56509.83,1.23,98.77
960,2021-05,AK,66677.94,352.55,66325.39,0.53,99.47
961,2021-05,AL,536834.71,11296.87,525537.84,2.1,97.9
962,2021-05,AR,338797.65,5791.23,333006.42,1.71,98.29
963,2021-05,AS,0.0,0.0,0.0,0.0,0.0
964,2021-05,AZ,872742.26,17476.26,855266.0,2.0,98.0
965,2021-05,CA,3663433.52,61425.71,3602007.81,1.68,98.32
966,2021-05,CO,537077.19,6439.03,530638.16,1.2,98.8
967,2021-05,CT,344715.81,8178.58,336537.23,2.37,97.63
968,2021-05,DC,48464.0,1119.35,47344.65,2.31,97.69
969,2021-05,DE,107537.35,1646.81,105890.55,1.53,98.47
970,2021-05,FL,2246456.61,36793.1,2209663.52,1.64,98.36
971,2021-05,FSM,1.0,0.0,1.0,0.0,100.0
972,2021-05,GA,1114558.29,20516.84,1094041.45,1.84,98.16
973,2021-05,GU,8091.23,138.71,7952.52,1.71,98.29
974,2021-05,HI,34071.16,488.23,33582.94,1.43,98.57
975,2021-05,IA,369023.19,6007.84,363015.35,1.63,98.37
976,2021-05,ID,190132.94,2070.55,188062.39,1.09,98.91
977,2021-05,IL,1364077.06,24777.0,1339300.06,1.82,98.18
978,2021-05,IN,734392.23,13457.68,720934.55,1.83,98.17
979,2021-05,KS,311972.0,5035.32,306936.68,1.61,98.39
980,2021-05,KY,453074.84,7598.19,445476.65,1.68,98.32
981,2021-05,LA,465471.52,10485.77,454985.74,2.25,97.75
982,2021-05,MA,700653.94,17752.1,682901.84,2.53,97.47
983,2021-05,MD,455633.52,9489.0,446144.52,2.08,97.92
984,2021-05,ME,65535.1,807.68,64727.42,1.23,98.77
985,2021-05,MI,983496.55,20023.81,963472.74,2.04,97.96
986,2021-05,MN,592552.84,7388.42,585164.42,1.25,98.75
987,2021-05,MO,593564.74,9010.68,584554.06,1.52,98.48
988,2021-05,MP,174.35,2.0,172.35,1.15,98.85
989,2021-05,MS,315882.55,7374.97,308507.58,2.33,97.67
990,2021-05,MT,110569.16,1596.68,108972.48,1.44,98.56
991,2021-05,NC,985014.58,13287.9,971726.68,1.35,98.65
992,2021-05,ND,109075.1,1504.13,107570.97,1.38,98.62
993,2021-05,NE,222405.35,2251.1,220154.26,1.01,98.99
994,2021-05,NH,97392.9,1329.9,96063.0,1.37,98.63
995,2021-05,NJ,1010102.74,25942.45,984160.29,2.57,97.43
996,2021-05,NM,200839.77,4060.58,196779.19,2.02,97.98
997,2021-05,NV,320513.0,5530.1,314982.9,1.73,98.27
998,2021-05,NY,1139197.32,19623.16,1119574.16,1.72,98.28
999,2021-05,NYC,942381.71,33006.06,909375.65,3.5,96.5
1000,2021-05,OH,1090014.39,19563.03,1070451.35,1.79,98.21
1001,2021-05,OK,451545.97,7284.06,444261.9,1.61,98.39
1002,2021-05,OR,194728.48,2582.06,192146.42,1.33,98.67
1003,2021-05,PA,1189397.81,26781.55,1162616.26,2.25,97.75
1004,2021-05,PR,137710.0,2418.23,135291.77,1.76,98.24
1005,2021-05,PW,0.03,0.0,0.03,0.0,100.0
1006,2021-05,RI,150118.81,2703.65,147415.16,1.8,98.2
1007,2021-05,RMI,4.0,0.0,4.0,0.0,100.0
1008,2021-05,SC,587049.52,9581.06,577468.45,1.63,98.37
1009,2021-05,SD,123604.42,1991.19,121613.23,1.61,98.39
1010,2021-05,TN,852222.13,12326.87,839895.26,1.45,98.55
1011,2021-05,TX,2918607.0,50481.42,2868125.58,1.73,98.27
1012,2021-05,UT,402302.03,2257.97,400044.06,0.56,99.44
1013,2021-05,VA,669912.97,11012.71,658900.26,1.64,98.36
1014,2021-05,VI,3292.61,27.0,3265.61,0.82,99.18
1015,2021-05,VT,22253.94,246.39,22007.55,1.11,98.89
1016,2021-05,WA,421736.03,5640.23,416095.81,1.34,98.66
1017,2021-05,WI,669000.13,7704.68,661295.45,1.15,98.85
1018,2021-05,WV,158136.32,2750.16,155386.16,1.74,98.26
1019,2021-05,WY,59229.97,712.87,58517.1,1.2,98.8
1020,2021-06,AK,67941.3,365.03,67576.27,0.54,99.46
1021,2021-06,AL,546162.57,11456.63,534705.93,2.1,97.9
1022,2021-06,AR,344779.2,5868.4,338910.8,1.7,98.3
1023,2021-06,AS,0.0,0.0,0.0,0.0,0.0
1024,2021-06,AZ,887924.4,17791.1,870133.3,2.0,98.0
1025,2021-06,CA,3699029.33,62584.4,3636444.93,1.69,98.31
1026,2021-06,CO,555375.13,6696.57,548678.57,1.21,98.79
1027,2021-06,CT,348529.13,8262.93,340266.2,2.37,97.63
1028,2021-06,DC,49199.63,1138.63,48061.0,2.31,97.69
1029,2021-06,DE,109387.03,1681.93,107705.1,1.54,98.46
1030,2021-06,FL,2307499.2,37932.63,2269566.57,1.64,98.36
1031,2021-06,FSM,1.0,0.0,1.0,0.0,100.0
1032,2021-06,GA,1129420.37,21185.63,1108234.73,1.88,98.12
1033,2021-06,GU,8268.57,139.13,8129.43,1.68,98.32
1034,2021-06,HI,35779.5,505.43,35274.07,1.41,98.59
1035,2021-06,IA,372745.17,6101.5,366643.67,1.64,98.36
1036,2021-06,ID,193806.67,2122.4,191684.27,1.1,98.9
1037,2021-06,IL,1387836.5,25494.57,1362341.93,1.84,98.16
1038,2021-06,IN,749754.3,13741.5,736012.8,1.83,98.17
1039,2021-06,KS,316191.83,5117.93,311073.9,1.62,98.38
1040,2021-06,KY,461029.03,7762.93,453266.1,1.68,98.32
1041,2021-06,LA,476562.43,10666.83,465895.6,2.24,97.76
1042,2021-06,MA,708891.43,17948.33,690943.1,2.53,97.47
1043,2021-06,MD,461392.4,9691.77,451700.63,2.1,97.9
1044,2021-06,ME,68622.77,848.9,67773.87,1.24,98.76
1045,2021-06,MI,1000544.67,20887.07,979657.6,2.09,97.91
1046,2021-06,MN,603823.47,7609.13,596214.33,1.26,98.74
1047,2021-06,MO,608779.73,9215.23,599564.5,1.51,98.49
1048,2021-06,MP,183.0,2.0,181.0,1.09,98.91
1049,2021-06,MS,320146.83,7450.13,312696.7,2.33,97.67
1050,2021-06,MT,112932.77,1645.57,111287.2,1.46,98.54
1051,2021-06,NC,1004533.53,13549.9,990983.63,1.35,98.65
1052,2021-06,ND,110454.97,1521.63,108933.33,1.38,98.62
1053,2021-06,NE,224085.7,2256.43,221829.27,1.01,98.99
1054,2021-06,NH,99166.77,1363.13,97803.63,1.37,98.63
1055,2021-06,NJ,1020098.77,26349.07,993749.7,2.58,97.42
1056,2021-06,NM,204427.6,4303.8,200123.8,2.11,97.89
1057,2021-06,NV,328452.7,5633.63,322819.07,1.72,98.28
1058,2021-06,NY,1155051.83,19874.7,1135177.13,1.72,98.28
1059,2021-06,NYC,953017.07,33352.77,919664.3,3.5,96.5
1060,2021-06,OH,1107459.93,20113.97,1087345.97,1.82,98.18
1061,2021-06,OK,455418.73,7355.03,448063.7,1.62,98.38
1062,2021-06,OR,205482.37,2732.0,202750.37,1.33,98.67
1063,2021-06,PA,1214211.9,27495.87,1186716.03,2.26,97.74
1064,2021-06,PR,140708.37,2522.03,138186.33,1.79,98.21
1065,2021-06,PW,1.7,0.0,1.7,0.0,100.0
1066,2021-06,RI,151759.33,2726.73,149032.6,1.8,98.2
1067,2021-06,RMI,4.0,0.0,4.0,0.0,100.0
1068,2021-06,SC,595380.53,9754.1,585626.43,1.64,98.36
1069,2021-06,SD,124377.3,2025.9,122351.4,1.63,98.37
1070,2021-06,TN,863008.03,12511.0,850497.03,1.45,98.55
1071,2021-06,TX,2968549.9,51229.3,2917320.6,1.73,98.27
1072,2021-06,UT,410390.37,2328.87,408061.5,0.57,99.43
1073,2021-06,VA,678221.53,11321.73,666899.8,1.67,98.33
1074,2021-06,VI,3718.83,29.07,3689.77,0.78,99.22
1075,2021-06,VT,22771.3,248.97,22522.33,1.09,98.91
1076,2021-06,WA,445155.77,5839.43,439316.33,1.31,98.69
1077,2021-06,WI,676314.77,8025.8,668288.97,1.19,98.81
1078,2021-06,WV,163146.87,2850.2,160296.67,1.75,98.25
1079,2021-06,WY,61329.73,730.7,60599.03,1.19,98.81
1080,2021-07,AK,69855.26,374.16,69481.1,0.54,99.46
1081,2021-07,AL,560347.71,11610.16,548737.55,2.07,97.93
1082,2021-07,AR,364250.35,5998.39,358251.97,1.65,98.35
1083,2021-07,AS,0.0,0.0,0.0,0.0,0.0
1084,2021-07,AZ,907712.39,18086.55,889625.84,1.99,98.01
1085,2021-07,CA,3880743.29,63532.19,3817211.1,1.64,98.36
1086,2021-07,CO,567490.19,6872.55,560617.65,1.21,98.79
1087,2021-07,CT,351127.94,8282.77,342845.16,2.36,97.64
1088,2021-07,DC,49754.26,1144.81,48609.45,2.3,97.7
1089,2021-07,DE,110367.48,1705.03,108662.45,1.54,98.46
1090,2021-07,FL,2436789.9,39084.97,2397704.94,1.6,98.4
1091,2021-07,FSM,5.48,0.0,5.48,0.0,100.0
1092,2021-07,GA,1150123.39,21548.16,1128575.23,1.87,98.13
1093,2021-07,GU,8468.87,141.87,8327.0,1.68,98.32
1094,2021-07,HI,37800.81,520.81,37280.0,1.38,98.62
1095,2021-07,IA,376135.55,6159.32,369976.23,1.64,98.36
1096,2021-07,ID,197154.55,2173.23,194981.32,1.1,98.9
1097,2021-07,IL,1402399.23,25809.45,1376589.77,1.84,98.16
1098,2021-07,IN,761068.29,13926.19,747142.1,1.83,98.17
1099,2021-07,KS,324063.9,5201.26,318862.65,1.61,98.39
1100,2021-07,KY,470244.13,7888.77,462355.35,1.68,98.32
1101,2021-07,LA,502077.1,10841.61,491235.48,2.16,97.84
1102,2021-07,MA,713288.13,18028.32,695259.81,2.53,97.47
1103,2021-07,MD,464539.0,9781.94,454757.06,2.11,97.89
1104,2021-07,ME,69585.58,878.45,68707.13,1.26,98.74
1105,2021-07,MI,1007993.06,21129.55,986863.52,2.1,97.9
1106,2021-07,MN,607996.84,7727.29,600269.55,1.27,98.73
1107,2021-07,MO,646465.74,9481.35,636984.39,1.47,98.53
1108,2021-07,MP,186.52,2.0,184.52,1.07,98.93
1109,2021-07,MS,330146.55,7601.52,322545.03,2.3,97.7
1110,2021-07,MT,114774.1,1684.42,113089.68,1.47,98.53
1111,2021-07,NC,1024877.65,13703.23,1011174.42,1.34,98.66
1112,2021-07,ND,111052.29,1534.61,109517.68,1.38,98.62
1113,2021-07,NE,226336.29,2271.9,224064.39,1.0,99.0
1114,2021-07,NH,99965.87,1379.84,98586.03,1.38,98.62
1115,2021-07,NJ,1029180.45,26531.77,1002648.68,2.58,97.42
1116,2021-07,NM,207480.45,4371.16,203109.29,2.11,97.89
1117,2021-07,NV,343833.9,5769.81,338064.1,1.68,98.32
1118,2021-07,NY,1162615.03,19956.32,1142658.71,1.72,98.28
1119,2021-07,NYC,963519.23,33478.84,930040.39,3.47,96.53
1120,2021-07,OH,1117708.48,20417.13,1097291.35,1.83,98.17
1121,2021-07,OK,467381.77,7442.94,459938.84,1.59,98.41
1122,2021-07,OR,212791.61,2814.39,209977.23,1.32,98.68
1123,2021-07,PA,1222176.19,27776.13,1194400.06,2.27,97.73
1124,2021-07,PR,143452.9,2550.03,140902.87,1.78,98.22
1125,2021-07,PW,2.0,0.0,2.0,0.0,100.0
1126,2021-07,RI,152689.48,2738.06,149951.42,1.79,98.21
1127,2021-07,RMI,4.0,0.0,4.0,0.0,100.0
1128,2021-07,SC,604879.42,9858.48,595020.94,1.63,98.37
1129,2021-07,SD,124868.42,2040.0,122828.42,1.63,98.37
1130,2021-07,TN,875543.16,12637.1,862906.06,1.44,98.56
1131,2021-07,TX,3032735.68,51667.42,2981068.26,1.7,98.3
1132,2021-07,UT,423077.35,2411.26,420666.1,0.57,99.43
1133,2021-07,VA,686165.74,11476.84,674688.9,1.67,98.33
1134,2021-07,VI,4183.06,32.94,4150.13,0.79,99.21
1135,2021-07,VT,22989.16,251.35,22737.81,1.09,98.91
1136,2021-07,WA,461098.1,6031.26,455066.84,1.31,98.69
1137,2021-07,WI,680695.97,8205.81,672490.16,1.21,98.79
1138,2021-07,WV,165166.9,2918.71,162248.19,1.77,98.23
1139,2021-07,WY,63595.61,759.81,62835.81,1.19,98.81
1140,2021-08,AK,78005.81,402.81,77603.0,0.52,99.48
1141,2021-08,AL,640348.58,12469.29,627879.29,1.95,98.05
1142,2021-08,AR,421482.77,6524.06,414958.71,1.55,98.45
1143,2021-08,AS,0.0,0.0,0.0,0.0,0.0
1144,2021-08,AZ,969040.55,18501.55,950539.0,1.91,98.09
1145,2021-08,CA,4208475.61,64460.94,4144014.68,1.53,98.47
1146,2021-08,CO,595590.32,7040.9,588549.42,1.18,98.82
1147,2021-08,CT,363713.58,8318.74,355394.84,2.29,97.71
1148,2021-08,DC,52767.19,1152.65,51614.55,2.18,97.82
1149,2021-08,DE,115095.48,1848.39,113247.1,1.61,98.39
1150,2021-08,FL,2953372.71,44985.45,2908387.26,1.52,98.48
1151,2021-08,FSM,7.0,0.0,7.0,0.0,100.0
1152,2021-08,GA,1281394.58,22100.35,1259294.23,1.72,98.28
1153,2021-08,GU,9288.94,144.1,9144.84,1.55,98.45
1154,2021-08,HI,50042.39,553.52,49488.87,1.11,98.89
1155,2021-08,IA,392153.42,6220.26,385933.16,1.59,98.41
1156,2021-08,ID,210225.61,2264.94,207960.68,1.08,98.92
1157,2021-08,IL,1469177.1,26166.52,1443010.58,1.78,98.22
1158,2021-08,IN,808405.55,14186.0,794219.55,1.75,98.25
1159,2021-08,KS,351381.26,5413.45,345967.81,1.54,98.46
1160,2021-08,KY,527446.29,8307.35,519138.94,1.58,98.42
1161,2021-08,LA,625207.32,11703.13,613504.19,1.87,98.13
1162,2021-08,MA,738841.58,18151.87,720689.71,2.46,97.54
1163,2021-08,MD,482322.45,9909.84,472412.61,2.05,97.95
1164,2021-08,ME,73054.0,913.48,72140.52,1.25,98.75
1165,2021-08,MI,1035427.0,21340.87,1014086.13,2.06,97.94
1166,2021-08,MN,628961.06,7831.48,621129.58,1.25,98.75
1167,2021-08,MO,724318.68,10123.26,714195.42,1.4,98.6
1168,2021-08,MP,216.35,2.0,214.35,0.92,99.08
1169,2021-08,MS,393658.65,8012.61,385646.03,2.04,97.96
1170,2021-08,MT,121095.39,1745.26,119350.13,1.44,98.56
1171,2021-08,NC,1131016.61,14303.81,1116712.81,1.26,98.74
1172,2021-08,ND,114103.23,1548.71,112554.52,1.36,98.64
1173,2021-08,NE,235908.06,2300.84,233607.23,0.98,99.02
1174,2021-08,NH,103819.0,1398.06,102420.94,1.35,98.65
1175,2021-08,NJ,1063841.55,26717.03,1037124.52,2.51,97.49
1176,2021-08,NM,220963.81,4454.77,216509.03,2.02,97.98
1177,2021-08,NV,374206.32,6198.0,368008.32,1.66,98.34
1178,2021-08,NY,1204876.94,20105.97,1184770.97,1.67,98.33
1179,2021-08,NYC,1006940.94,33685.1,973255.84,3.35,96.65
1180,2021-08,OH,1166890.32,20643.32,1146247.0,1.77,98.23
1181,2021-08,OK,518336.03,7719.19,510616.84,1.49,98.51
1182,2021-08,OR,245556.97,2983.16,242573.81,1.21,98.79
1183,2021-08,PA,1261061.13,28011.9,1233049.23,2.22,97.78
1184,2021-08,PR,159794.65,2689.13,157105.52,1.68,98.32
1185,2021-08,PW,2.52,0.0,2.52,0.0,100.0
1186,2021-08,RI,158133.77,2752.94,155380.84,1.74,98.26
1187,2021-08,RMI,4.0,0.0,4.0,0.0,100.0
1188,2021-08,SC,672392.94,10172.84,662220.1,1.51,98.49
1189,2021-08,SD,127784.45,2054.42,125730.03,1.61,98.39
1190,2021-08,TN,961871.52,13047.13,948824.39,1.36,98.64
1191,2021-08,TX,3348681.1,53440.19,3295240.9,1.6,98.4
1192,2021-08,UT,447960.9,2546.42,445414.48,0.57,99.43
1193,2021-08,VA,729294.35,11654.13,717640.23,1.6,98.4
1194,2021-08,VI,5324.23,44.42,5279.81,0.83,99.17
1195,2021-08,VT,24620.35,258.55,24361.81,1.05,98.95
1196,2021-08,WA,517062.87,6300.74,510762.13,1.22,98.78
1197,2021-08,WI,709219.03,8352.9,700866.13,1.18,98.82
1198,2021-08,WV,175824.45,2999.16,172825.29,1.71,98.29
1199,2021-08,WY,69545.55,805.52,68740.03,1.16,98.84
1200,2021-09,AK,95764.53,467.63,95296.9,0.49,99.51
1201,2021-09,AL,755773.67,14411.1,741362.57,1.91,98.09
1202,2021-09,AR,478634.5,7346.47,471288.03,1.53,98.47
1203,2021-09,AS,0.37,0.0,0.37,0.0,100.0
1204,2021-09,AZ,1056763.37,19385.0,1037378.37,1.83,98.17
1205,2021-09,CA,4574574.23,67062.57,4507511.67,1.47,98.53
1206,2021-09,CO,646170.37,7348.2,638822.17,1.14,98.86
1207,2021-09,CT,382422.53,8465.17,373957.37,2.21,97.79
1208,2021-09,DC,58398.53,1167.27,57231.27,2.0,98.0
1209,2021-09,DE,126578.9,1914.77,124664.13,1.51,98.49
1210,2021-09,FL,3454957.73,55253.5,3399704.23,1.6,98.4
1211,2021-09,FSM,7.0,0.0,7.0,0.0,100.0
1212,2021-09,GA,1508648.43,24370.6,1484277.83,1.62,98.38
1213,2021-09,GU,13087.0,172.23,12914.77,1.32,98.68
1214,2021-09,HI,70691.57,679.07,70012.5,0.96,99.04
1215,2021-09,IA,430721.0,6398.7,424322.3,1.49,98.51
1216,2021-09,ID,239042.2,2579.6,236462.6,1.08,98.92
1217,2021-09,IL,1581586.73,27082.87,1554503.87,1.71,98.29
1218,2021-09,IN,917258.57,15024.27,902234.3,1.64,98.36
1219,2021-09,KS,393178.3,5823.93,387354.37,1.48,98.52
1220,2021-09,KY,651287.83,9630.4,641657.43,1.48,98.52
1221,2021-09,LA,719750.73,13286.57,706464.17,1.85,98.15
1222,2021-09,MA,787123.2,18420.03,768703.17,2.34,97.66
1223,2021-09,MD,515994.0,10239.53,505754.47,1.98,98.02
1224,2021-09,ME,82990.3,980.07,82010.23,1.18,98.82
1225,2021-09,MI,1105877.33,21950.93,1083926.4,1.98,98.02
1226,2021-09,MN,678104.0,8055.77,670048.23,1.19,98.81
1227,2021-09,MO,794059.47,11050.17,783009.3,1.39,98.61
1228,2021-09,MP,256.43,2.0,254.43,0.78,99.22
1229,2021-09,MS,469594.93,9114.53,460480.4,1.94,98.06
1230,2021-09,MT,138356.57,1878.4,136478.17,1.36,98.64
1231,2021-09,NC,1325050.7,16145.33,1308905.37,1.22,98.78
1232,2021-09,ND,124870.57,1584.13,123286.43,1.27,98.73
1233,2021-09,NE,256822.7,2430.47,254392.23,0.95,99.05
1234,2021-09,NH,113645.2,1450.8,112194.4,1.28,98.72
1235,2021-09,NJ,1124855.47,27141.47,1097714.0,2.41,97.59
1236,2021-09,NM,243354.93,4653.17,238701.77,1.91,98.09
1237,2021-09,NV,407349.63,6812.2,400537.43,1.67,98.33
1238,2021-09,NY,1292741.97,20623.97,1272118.0,1.6,98.4
1239,2021-09,NYC,1061682.33,34055.0,1027627.33,3.21,96.79
1240,2021-09,OH,1321981.0,21359.27,1300621.73,1.62,98.38
1241,2021-09,OK,589320.4,8531.97,580788.43,1.45,98.55
1242,2021-09,OR,305556.83,3512.4,302044.43,1.15,98.85
1243,2021-09,PA,1364275.47,28752.1,1335523.37,2.11,97.89
1244,2021-09,PR,177445.83,3032.0,174413.83,1.71,98.29
1245,2021-09,PW,5.77,0.0,5.77,0.0,100.0
1246,2021-09,RI,167719.4,2808.43,164910.97,1.67,98.33
1247,2021-09,RMI,4.0,0.0,4.0,0.0,100.0
1248,2021-09,SC,810496.3,11511.93,798984.37,1.42,98.58
1249,2021-09,SD,138899.7,2098.1,136801.6,1.51,98.49
1250,2021-09,TN,1157084.43,14271.67,1142812.77,1.23,98.77
1251,2021-09,TX,3852790.57,59854.23,3792936.33,1.55,98.45
1252,2021-09,UT,487627.0,2775.2,484851.8,0.57,99.43
1253,2021-09,VA,823477.8,12260.53,811217.27,1.49,98.51
1254,2021-09,VI,6355.83,65.53,6290.3,1.03,98.97
1255,2021-09,VT,28777.27,288.03,28489.23,1.0,99.0
1256,2021-09,WA,614102.8,7121.0,606981.8,1.16,98.84
1257,2021-09,WI,769595.77,8673.0,760922.77,1.13,98.87
1258,2021-09,WV,216065.87,3331.17,212734.7,1.54,98.46
1259,2021-09,WY,83247.37,913.33,82334.03,1.1,98.9
1260,2021-10,AK,122707.77,623.06,122084.71,0.51,99.49
1261,2021-10,AL,811133.77,15767.9,795365.87,1.94,98.06
1262,2021-10,AR,505777.06,8107.1,497669.97,1.6,98.4
1263,2021-10,AS,3.29,0.0,3.29,0.0,100.0
1264,2021-10,AZ,1131730.19,20585.19,1111145.0,1.82,98.18
1265,2021-10,CA,4792513.68,70177.23,4722336.45,1.46,98.54
1266,2021-10,CO,706510.68,7887.19,698623.48,1.12,98.88
1267,2021-10,CT,397266.16,8705.97,388560.19,2.19,97.81
1268,2021-10,DC,62979.45,1183.45,61796.0,1.88,98.12
1269,2021-10,DE,139412.16,2024.52,137387.65,1.45,98.55
1270,2021-10,FL,3616056.39,60218.13,3555838.26,1.67,98.33
1271,2021-10,FSM,7.0,0.0,7.0,0.0,100.0
1272,2021-10,GA,1613629.26,27774.19,1585855.06,1.72,98.28
1273,2021-10,GU,16901.19,221.48,16679.71,1.31,98.69
1274,2021-10,HI,79590.03,853.23,78736.81,1.07,98.93
1275,2021-10,IA,472336.23,6760.58,465575.65,1.43,98.57
1276,2021-10,ID,276145.39,3253.16,272892.23,1.18,98.82
1277,2021-10,IL,1666210.42,28195.1,1638015.32,1.69,98.31
1278,2021-10,IN,995415.16,16247.45,979167.71,1.63,98.37
1279,2021-10,KS,423436.58,6187.1,417249.48,1.46,98.54
1280,2021-10,KY,730435.55,11094.03,719341.52,1.52,98.48
1281,2021-10,LA,751474.13,14307.19,737166.94,1.9,98.1
1282,2021-10,MA,833769.06,18828.9,814940.16,2.26,97.74
1283,2021-10,MD,549389.9,10696.0,538693.9,1.95,98.05
1284,2021-10,ME,97903.42,1099.19,96804.23,1.12,98.88
1285,2021-10,MI,1220229.06,23006.97,1197222.1,1.89,98.11
1286,2021-10,MN,753780.74,8534.94,745245.81,1.13,98.87
1287,2021-10,MO,840299.03,11836.03,828463.0,1.41,98.59
1288,2021-10,MP,284.29,2.77,281.52,0.97,99.03
1289,2021-10,MS,498095.35,9909.84,488185.52,1.99,98.01
1290,2021-10,MT,164639.74,2167.65,162472.1,1.32,98.68
1291,2021-10,NC,1450751.35,17865.03,1432886.32,1.23,98.77
1292,2021-10,ND,141301.0,1684.65,139616.35,1.19,98.81
1293,2021-10,NE,276394.81,2900.52,273494.29,1.05,98.95
1294,2021-10,NH,128036.13,1520.35,126515.77,1.19,98.81
1295,2021-10,NJ,1178846.97,27712.74,1151134.23,2.35,97.65
1296,2021-10,NM,264440.35,4927.87,259512.48,1.86,98.14
1297,2021-10,NV,439773.55,7411.87,432361.68,1.69,98.31
1298,2021-10,NY,1392602.71,21362.61,1371240.1,1.53,98.47
1299,2021-10,NYC,1106937.97,34444.9,1072493.06,3.11,96.89
1300,2021-10,OH,1488853.32,23320.97,1465532.35,1.57,98.43
1301,2021-10,OK,632699.58,9917.68,622781.9,1.57,98.43
1302,2021-10,OR,349610.68,4129.32,345481.35,1.18,98.82
1303,2021-10,PA,1503091.55,30415.32,1472676.23,2.02,97.98
1304,2021-10,PR,182902.94,3194.71,179708.23,1.75,98.25
1305,2021-10,PW,9.32,0.0,9.32,0.0,100.0
1306,2021-10,RI,176722.23,2862.55,173859.68,1.62,98.38
1307,2021-10,RMI,4.0,0.0,4.0,0.0,100.0
1308,2021-10,SC,884207.71,13208.81,870998.9,1.49,98.51
1309,2021-10,SD,150074.97,2193.84,147881.13,1.46,98.54
1310,2021-10,TN,1260506.84,15843.39,1244663.45,1.26,98.74
1311,2021-10,TX,4150970.94,67443.32,4083527.61,1.62,98.38
1312,2021-10,UT,530294.1,3069.61,527224.48,0.58,99.42
1313,2021-10,VA,903776.55,13438.58,890337.97,1.49,98.51
1314,2021-10,VI,7030.06,76.35,6953.71,1.09,98.91
1315,2021-10,VT,34283.77,335.61,33948.16,0.98,99.02
1316,2021-10,WA,695496.1,8227.77,687268.32,1.18,98.82
1317,2021-10,WI,851998.29,9153.29,842845.0,1.07,98.93
1318,2021-10,WV,258477.9,4087.94,254389.97,1.58,98.42
1319,2021-10,WY,97317.42,1093.29,96224.13,1.12,98.88
1320,2021-11,AK,140639.83,795.17,139844.67,0.57,99.43
1321,2021-11,AL,838393.5,16223.97,822169.53,1.94,98.06
1322,2021-11,AR,520929.87,8564.9,512364.97,1.64,98.36
1323,2021-11,AS,4.7,0.0,4.7,0.0,100.0
1324,2021-11,AZ,1220269.03,21735.37,1198533.67,1.78,98.22
1325,2021-11,CA,4991227.37,72598.37,4918629.0,1.45,98.55
1326,2021-11,CO,790278.17,8730.43,781547.73,1.1,98.9
1327,2021-11,CT,410823.87,8825.83,401998.03,2.15,97.85
1328,2021-11,DC,65649.6,1194.53,64455.07,1.82,98.18
1329,2021-11,DE,148522.07,2140.57,146381.5,1.44,98.56
1330,2021-11,FL,3671605.67,61714.47,3609891.2,1.68,98.32
1331,2021-11,FSM,7.0,0.0,7.0,0.0,100.0
1332,2021-11,GA,1650292.53,29915.37,1620377.17,1.81,98.19
1333,2021-11,GU,18918.63,257.7,18660.93,1.36,98.64
1334,2021-11,HI,83223.3,969.03,82254.27,1.16,98.84
1335,2021-11,IA,507626.33,7213.63,500412.7,1.42,98.58
1336,2021-11,ID,300659.53,3768.33,296891.2,1.25,98.75
1337,2021-11,IL,1749727.93,29043.27,1720684.67,1.66,98.34
1338,2021-11,IN,1058295.27,17136.63,1041158.63,1.62,98.38
1339,2021-11,KS,450683.27,6593.13,444090.13,1.46,98.54
1340,2021-11,KY,768452.0,11737.17,756714.83,1.53,98.47
1341,2021-11,LA,765530.2,14697.07,750833.13,1.92,98.08
1342,2021-11,MA,882720.67,19204.67,863516.0,2.18,97.82
1343,2021-11,MD,573791.5,11070.63,562720.87,1.93,98.07
1344,2021-11,ME,112859.6,1250.63,111608.97,1.11,98.89
1345,2021-11,MI,1377411.13,24551.7,1352859.43,1.78,98.22
1346,2021-11,MN,853182.1,9176.13,844005.97,1.08,98.92
1347,2021-11,MO,880783.17,13618.5,867164.67,1.55,98.45
1348,2021-11,MP,453.03,3.0,450.03,0.66,99.34
1349,2021-11,MS,509518.5,10203.03,499315.47,2.0,98.0
1350,2021-11,MT,185235.77,2509.87,182725.9,1.35,98.65
1351,2021-11,NC,1509488.57,18694.97,1490793.6,1.24,98.76
1352,2021-11,ND,156265.17,1831.43,154433.73,1.17,98.83
1353,2021-11,NE,298564.03,3074.43,295489.6,1.03,98.97
1354,2021-11,NH,147775.03,1638.33,146136.7,1.11,98.89
1355,2021-11,NJ,1222918.73,28190.63,1194728.1,2.31,97.69
1356,2021-11,NM,295974.3,5206.5,290767.8,1.76,98.24
1357,2021-11,NV,461682.67,7846.13,453836.53,1.7,98.3
1358,2021-11,NY,1500624.8,21855.27,1478769.53,1.46,98.54
1359,2021-11,NYC,1140469.23,34708.73,1105760.5,3.04,96.96
1360,2021-11,OH,1615187.37,25676.07,1589511.3,1.59,98.41
1361,2021-11,OK,656258.5,11082.9,645175.6,1.69,98.31
1362,2021-11,OR,380151.9,4819.67,375332.23,1.27,98.73
1363,2021-11,PA,1649793.03,32507.77,1617285.27,1.97,98.03
1364,2021-11,PR,186523.0,3252.77,183270.23,1.74,98.26
1365,2021-11,PW,10.0,0.0,10.0,0.0,100.0
1366,2021-11,RI,185701.07,2904.57,182796.5,1.56,98.44
1367,2021-11,RMI,4.0,0.0,4.0,0.0,100.0
1368,2021-11,SC,909190.57,14019.77,895170.8,1.54,98.46
1369,2021-11,SD,160539.37,2290.83,158248.53,1.43,98.57
1370,2021-11,TN,1298705.73,16734.4,1281971.33,1.29,98.71
1371,2021-11,TX,4272036.23,71548.6,4200487.63,1.67,98.33
1372,2021-11,UT,575613.93,3379.1,572234.83,0.59,99.41
1373,2021-11,VA,949136.53,14404.6,934731.93,1.52,98.48
1374,2021-11,VI,7381.53,84.03,7297.5,1.14,98.86
1375,2021-11,VT,41902.4,380.7,41521.7,0.91,99.09
1376,2021-11,WA,754125.2,8994.97,745130.23,1.19,98.81
1377,2021-11,WI,931843.2,9729.47,922113.73,1.04,98.96
1378,2021-11,WV,284212.8,4661.67,279551.13,1.64,98.36
1379,2021-11,WY,107877.57,1308.23,106569.33,1.21,98.79
1380,2021-12,AK,148746.52,893.94,147852.58,0.6,99.4
1381,2021-12,AL,860919.48,16461.1,844458.39,1.91,98.09
1382,2021-12,AR,542780.16,8913.68,533866.48,1.64,98.36
1383,2021-12,AS,10.45,0.0,10.45,0.0,100.0
1384,2021-12,AZ,1326646.55,23331.42,1303315.13,1.76,98.24
1385,2021-12,CA,5194887.9,74847.74,5120040.16,1.44,98.56
1386,2021-12,CO,867783.58,9781.45,858002.13,1.13,98.87
1387,2021-12,CT,456476.55,9016.03,447460.52,1.98,98.02
1388,2021-12,DC,74688.9,1203.13,73485.77,1.61,98.39
1389,2021-12,DE,164266.32,2233.39,162032.94,1.36,98.64
1390,2021-12,FL,3813172.03,62390.94,3750781.1,1.64,98.36
1391,2021-12,FSM,7.0,0.0,7.0,0.0,100.0
1392,2021-12,GA,1706994.03,30964.97,1676029.06,1.81,98.19
1393,2021-12,GU,19377.74,268.71,19109.03,1.39,98.61
1394,2021-12,HI,90866.19,1049.03,89817.16,1.15,98.85
1395,2021-12,IA,554286.0,7651.61,546634.39,1.38,98.62
1396,2021-12,ID,313238.84,4054.68,309184.16,1.29,98.71
1397,2021-12,IL,1951730.16,30149.26,1921580.9,1.54,98.46
1398,2021-12,IN,1173218.45,18297.68,1154920.77,1.56,98.44
1399,2021-12,KS,493950.29,6867.48,487082.81,1.39,98.61
1400,2021-12,KY,825650.61,12137.77,813512.84,1.47,98.53
1401,2021-12,LA,785299.65,14905.0,770394.65,1.9,98.1
1402,2021-12,MA,1005183.52,19798.26,985385.26,1.97,98.03
1403,2021-12,MD,628883.23,11330.26,617552.97,1.8,98.2
1404,2021-12,ME,134291.94,1419.16,132872.77,1.06,98.94
1405,2021-12,MI,1602397.77,27452.68,1574945.1,1.71,98.29
1406,2021-12,MN,971072.71,10153.74,960918.97,1.05,98.95
1407,2021-12,MO,954651.84,15715.58,938936.26,1.65,98.35
1408,2021-12,MP,2100.97,7.1,2093.87,0.34,99.66
1409,2021-12,MS,523353.16,10354.23,512998.94,1.98,98.02
1410,2021-12,MT,194459.94,2840.9,191619.03,1.46,98.54
1411,2021-12,NC,1593527.48,19184.55,1574342.94,1.2,98.8
1412,2021-12,ND,168735.29,1967.03,166768.26,1.17,98.83
1413,2021-12,NE,325985.0,3275.74,322709.26,1.0,99.0
1414,2021-12,NH,180798.9,1826.39,178972.52,1.01,98.99
1415,2021-12,NJ,1351525.71,28674.84,1322850.87,2.12,97.88
1416,2021-12,NM,334407.13,5579.55,328827.58,1.67,98.33
1417,2021-12,NV,483258.0,8246.1,475011.9,1.71,98.29
1418,2021-12,NY,1707539.81,22901.97,1684637.84,1.34,98.66
1419,2021-12,NYC,1273262.55,35062.06,1238200.48,2.75,97.25
1420,2021-12,OH,1831130.58,27789.9,1803340.68,1.52,98.48
1421,2021-12,OK,685968.87,11346.35,674622.52,1.65,98.35
1422,2021-12,OR,404722.97,5462.03,399260.94,1.35,98.65
1423,2021-12,PA,1871160.13,35067.16,1836092.97,1.87,98.13
1424,2021-12,PR,205571.48,3282.48,202289.0,1.6,98.4
1425,2021-12,PW,10.26,0.0,10.26,0.0,100.0
1426,2021-12,RI,210120.35,2995.81,207124.55,1.43,98.57
1427,2021-12,RMI,4.0,0.0,4.0,0.0,100.0
1428,2021-12,SC,938085.1,14445.55,923639.55,1.54,98.46
1429,2021-12,SD,172944.45,2419.39,170525.06,1.4,98.6
1430,2021-12,TN,1352974.42,18580.52,1334393.9,1.37,98.63
1431,2021-12,TX,4415276.42,73630.48,4341645.94,1.67,98.33
1432,2021-12,UT,616211.87,3680.9,612530.97,0.6,99.4
1433,2021-12,VA,1024513.32,15102.48,1009410.84,1.47,98.53
1434,2021-12,VI,7856.48,87.68,7768.81,1.12,98.88
1435,2021-12,VT,53084.06,427.26,52656.81,0.8,99.2
1436,2021-12,WA,802898.23,9630.03,793268.19,1.2,98.8
1437,2021-12,WI,1047274.74,10611.16,1036663.58,1.01,98.99
1438,2021-12,WV,311507.84,5137.19,306370.65,1.65,98.35
1439,2021-12,WY,113398.77,1489.42,111909.35,1.31,98.69
1440,2022-01,AK,153941.0,947.0,152994.0,0.62,99.38
1441,2022-01,AL,931186.17,16550.0,914636.17,1.78,98.22
1442,2022-01,AR,580700.0,9229.83,571470.17,1.59,98.41
1443,2022-01,AS,11.0,0.0,11.0,0.0,100.0
1444,2022-01,AZ,1407722.33,24454.83,1383267.5,1.74,98.26
1445,2022-01,CA,5638159.17,75928.83,5562230.33,1.35,98.65
1446,2022-01,CO,954464.67,10321.0,944143.67,1.08,98.92
1447,2022-01,CT,536192.83,9227.67,526965.17,1.72,98.28
1448,2022-01,DC,102080.5,1217.83,100862.67,1.19,98.81
1449,2022-01,DE,190079.17,2286.0,187793.17,1.2,98.8
1450,2022-01,FL,4400647.5,62618.67,4338028.83,1.42,98.58
1451,2022-01,FSM,7.0,0.0,7.0,0.0,100.0
1452,2022-01,GA,1892281.33,31489.5,1860791.83,1.66,98.34
1453,2022-01,GU,20039.83,272.67,19767.17,1.36,98.64
1454,2022-01,HI,119218.83,1083.67,118135.17,0.91,99.09
1455,2022-01,IA,589450.33,7938.5,581511.83,1.35,98.65
1456,2022-01,ID,321964.17,4182.67,317781.5,1.3,98.7
1457,2022-01,IL,2249817.67,31251.67,2218566.0,1.39,98.61
1458,2022-01,IN,1278791.83,19193.0,1259598.83,1.5,98.5
1459,2022-01,KS,534554.67,7034.67,527520.0,1.32,98.68
1460,2022-01,KY,885737.67,12270.5,873467.17,1.39,98.61
1461,2022-01,LA,859927.83,15009.33,844918.5,1.75,98.25
1462,2022-01,MA,1186933.33,20374.17,1166559.17,1.72,98.28
1463,2022-01,MD,770088.5,11957.67,758130.83,1.55,98.45
1464,2022-01,ME,149041.83,1565.17,147476.67,1.05,98.95
1465,2022-01,MI,1771086.17,29384.5,1741701.67,1.66,98.34
1466,2022-01,MN,1037354.33,10740.0,1026614.33,1.04,98.96
1467,2022-01,MO,1035428.33,16188.5,1019239.83,1.56,98.44
1468,2022-01,MP,3410.83,17.17,3393.67,0.5,99.5
1469,2022-01,MS,561217.5,10476.83,550740.67,1.87,98.13
1470,2022-01,MT,199283.5,2909.83,196373.67,1.46,98.54
1471,2022-01,NC,1742133.0,19488.5,1722644.5,1.12,98.88
1472,2022-01,ND,177219.33,2019.5,175199.83,1.14,98.86
1473,2022-01,NE,348124.83,3378.5,344746.33,0.97,99.03
1474,2022-01,NH,204334.17,1988.17,202346.0,0.97,99.03
1475,2022-01,NJ,1665795.33,29142.83,1636652.5,1.75,98.25
1476,2022-01,NM,357195.33,5895.83,351299.5,1.65,98.35
1477,2022-01,NV,513087.83,8455.0,504632.83,1.65,98.35
1478,2022-01,NY,2027001.67,23803.5,2003198.17,1.17,98.83
1479,2022-01,NYC,1717901.83,35578.0,1682323.83,2.07,97.93
1480,2022-01,OH,2080107.17,29560.5,2050546.67,1.42,98.58
1481,2022-01,OK,722076.67,11602.5,710474.17,1.61,98.39
1482,2022-01,OR,433304.17,5688.83,427615.33,1.31,98.69
1483,2022-01,PA,2112207.17,36945.5,2075261.67,1.75,98.25
1484,2022-01,PR,309304.33,3325.83,305978.5,1.08,98.92
1485,2022-01,PW,17.5,0.0,17.5,0.0,100.0
1486,2022-01,RI,247310.5,3096.83,244213.67,1.25,98.75
1487,2022-01,RMI,5.0,0.0,5.0,0.0,100.0
1488,2022-01,SC,1008621.17,14685.33,993935.83,1.46,98.54
1489,2022-01,SD,182362.0,2498.5,179863.5,1.37,98.63
1490,2022-01,TN,1462606.67,20941.5,1441665.17,1.43,98.57
1491,2022-01,TX,4766223.33,74736.0,4691487.33,1.57,98.43
1492,2022-01,UT,653059.67,3821.33,649238.33,0.59,99.41
1493,2022-01,VA,1175552.0,15625.17,1159926.83,1.33,98.67
1494,2022-01,VI,10701.5,89.0,10612.5,0.83,99.17
1495,2022-01,VT,63099.17,456.67,62642.5,0.72,99.28
1496,2022-01,WA,880274.33,9891.83,870382.5,1.12,98.88
1497,2022-01,WI,1140423.83,11245.33,1129178.5,0.99,99.01
1498,2022-01,WV,337248.33,5358.83,331889.5,1.59,98.41
1499,2022-01,WY,117083.17,1549.0,115534.17,1.32,98.68
